,time_length,move_direction_x,move_direction_y,move_direction_z,feet_separation_m,rear_leg_proj_max,rear_leg_proj_norm_time,rear_leg_proj_end,lead_leg_proj_max,lead_leg_proj_norm_time,lead_leg_proj_end,lower_half_proj_max,lower_half_proj_norm_time,lower_half_proj_end,lead_arm_proj_max,lead_arm_proj_norm_time,lead_arm_proj_end,torso_proj_max,torso_proj_norm_time,torso_proj_end,pitch_up_arm_proj_max,pitch_up_arm_proj_norm_time,pitch_up_arm_proj_end,pitch_forearm_proj_max,pitch_forearm_proj_norm_time,pitch_forearm_proj_end,pitch_hand_proj_max,pitch_hand_proj_norm_time,pitch_hand_proj_end,total_proj_max,total_proj_norm_time,total_proj_end,rear_leg_side_max,rear_leg_side_max_percent,rear_leg_side_max_norm_time,rear_leg_side_min,rear_leg_side_min_percent,rear_leg_side_min_norm_time,rear_leg_vert_ang,lead_leg_side_max,lead_leg_side_max_percent,lead_leg_side_max_norm_time,lead_leg_side_min,lead_leg_side_min_percent,lead_leg_side_min_norm_time,lead_leg_vert_ang,lower_half_side_max,lower_half_side_max_percent,lower_half_side_max_norm_time,lower_half_side_min,lower_half_side_min_percent,lower_half_side_min_norm_time,lower_half_vert_ang,lead_arm_side_max,lead_arm_side_max_percent,lead_arm_side_max_norm_time,lead_arm_side_min,lead_arm_side_min_percent,lead_arm_side_min_norm_time,lead_arm_vert_ang,torso_side_max,torso_side_max_percent,torso_side_max_norm_time,torso_side_min,torso_side_min_percent,torso_side_min_norm_time,torso_vert_ang,pitch_up_arm_side_max,pitch_up_arm_side_max_percent,pitch_up_arm_side_max_norm_time,pitch_up_arm_side_min,pitch_up_arm_side_min_percent,pitch_up_arm_side_min_norm_time,pitch_up_arm_vert_ang,pitch_forearm_side_max,pitch_forearm_side_max_percent,pitch_forearm_side_max_norm_time,pitch_forearm_side_min,pitch_forearm_side_min_percent,pitch_forearm_side_min_norm_time,pitch_forearm_vert_ang,pitch_hand_side_max,pitch_hand_side_max_percent,pitch_hand_side_max_norm_time,pitch_hand_side_min,pitch_hand_side_min_percent,pitch_hand_side_min_norm_time,pitch_hand_vert_ang,total_side_max,total_side_max_percent,total_side_max_norm_time,total_side_min,total_side_min_percent,total_side_min_norm_time,total_vert_ang,rear_hip_ir_range_norm,rear_hip_ir_range_full_max,rear_hip_ir_range_max,rear_hip_ir_range_max_norm_time,rear_hip_ir_range_full_min,rear_hip_ir_range_min,rear_hip_ir_range_min_norm_time,lead_knee_flex_range_norm,lead_knee_flex_range_full_max,lead_knee_flex_range_max,lead_knee_flex_range_max_norm_time,lead_knee_flex_range_full_min,lead_knee_flex_range_min,lead_knee_flex_range_min_norm_time,lumbar_ext_range_norm,lumbar_ext_range_full_max,lumbar_ext_range_max,lumbar_ext_range_max_norm_time,lumbar_ext_range_full_min,lumbar_ext_range_min,lumbar_ext_range_min_norm_time,spine_rot_range_norm,spine_rot_range_full_max,spine_rot_range_max,spine_rot_range_max_norm_time,spine_rot_range_full_min,spine_rot_range_min,spine_rot_range_min_norm_time,pitch_shoulder_horz_range_norm,pitch_shoulder_horz_range_full_max,pitch_shoulder_horz_range_max,pitch_shoulder_horz_range_max_norm_time,pitch_shoulder_horz_range_full_min,pitch_shoulder_horz_range_min,pitch_shoulder_horz_range_min_norm_time,pitch_shoulder_rot_range_norm,pitch_shoulder_rot_range_full_max,pitch_shoulder_rot_range_max,pitch_shoulder_rot_range_max_norm_time,pitch_shoulder_rot_range_full_min,pitch_shoulder_rot_range_min,pitch_shoulder_rot_range_min_norm_time,pitch_elbow_flex_range_norm,pitch_elbow_flex_range_full_max,pitch_elbow_flex_range_max,pitch_elbow_flex_range_max_norm_time,pitch_elbow_flex_range_full_min,pitch_elbow_flex_range_min,pitch_elbow_flex_range_min_norm_time,lower_half_to_torso_proj,torso_to_up_arm_proj,up_arm_to_pitch_hand_proj,dom_hand,dom_hand_mass,dom_hand_radius,org_movement_id,movement_id,version_metrics,session_date,session_num,movement_num,s3_key
0,0.1933,0.065,0.991,-0.119,1.6588,15.9,55.172405,9.9,18.9,74.13796,12.2,32.4,81.0345,23.6,17.7,12.069012,2.7,26.2,81.0345,11.7,22.0,81.0345,11.9,27.0,99.99999,27.0,24.9,99.99999,24.9,126.6,84.48277,110.0,1.1,0.1,-210.34474,-9.9,-0.59,84.48277,66.7,9.7,0.36,-87.930984,-0.2,-0.01,53.44827,-44.9,8.0,0.38,-89.65512,-10.9,-0.29,84.48277,56.4,1.0,0.47,-170.68956,-12.2,-0.5,39.65518,20.9,3.5,0.83,-105.17234,-15.2,-0.53,58.620678,56.5,9.2,0.56,60.34481,-1.3,-0.62,-170.68956,51.7,9.8,0.67,65.51722,-0.5,-0.25,-170.68956,50.8,7.2,0.76,82.75864,0.1,0.19,-253.4482,52.8,13.0,0.58,-108.62061,-30.9,-0.29,55.172405,56.3,0.76,46.6,46.6,1.7241358,-39.3,-18.5,51.724133,0.16,130.7,56.0,62.068947,3.8,35.1,0.0,0.57,-3.5,-9.6,55.172405,-62.5,-43.1,99.99999,0.29,53.8,4.1,99.99999,-40.0,-23.2,55.172405,0.02,130.0,-2.1,99.99999,-46.5,-5.6,81.0345,0.16,135.0,-146.2,99.99999,-198.0,-198.0,86.20691,0.62,124.9,99.8,81.0345,14.4,31.2,99.99999,0.81,0.84,1.13,RHA,0.53070265,1.0266954,db386c24-4030-4be1-8e87-3aa005b53f33,cea18c74-fdea-416a-a07f-70104b5e67b2,v1-0-0,2023-04-17,718539,17,data_delivery/hawkeyehfr/20230417/718539/baseball-pitching/594798/metrics-baseball-pitching-v2-0-0/017_db386c24-4030-4be1-8e87-3aa005b53f33_metrics.csv
1,0.19,0.06,0.99,-0.131,1.6756,17.9,26.315819,11.8,19.5,73.68424,12.9,33.9,26.315819,26.5,17.7,8.771981,2.5,26.2,82.45616,13.4,22.6,82.45616,12.9,26.9,100.0,26.9,24.3,100.0,24.3,127.5,85.96493,115.7,4.1,0.33,-17.543837,-10.8,-0.59,85.96493,61.7,10.1,0.6,1.7543837,-0.9,-0.3,-314.03494,-48.6,9.8,0.71,-19.298222,-9.5,-0.27,85.96493,49.9,0.8,0.43,-161.40343,-11.9,-0.54,45.61404,19.2,3.1,0.76,-98.24555,-16.4,-0.56,61.403492,56.9,9.4,0.58,59.64911,-0.9,-0.07,100.0,51.6,10.2,0.69,64.91226,-0.3,-0.27,-168.42096,50.5,7.3,0.75,84.21054,-0.2,-0.32,-275.4385,53.5,11.5,0.46,-96.491165,-31.1,-0.28,57.894726,54.7,0.85,48.2,48.2,3.5087674,-30.6,-18.7,52.631573,0.17,125.5,57.5,61.403492,3.6,37.0,0.0,0.61,-3.7,-3.7,28.070202,-67.7,-42.4,100.0,0.44,58.4,5.4,100.0,-43.0,-38.8,26.315819,0.01,130.0,-4.4,100.0,-48.0,-6.6,82.45616,0.13,135.0,-156.4,100.0,-198.6,-198.6,87.71931,0.59,125.8,99.3,82.45616,16.5,35.0,100.0,0.77,0.86,1.08,RHA,0.53070265,1.0047202,8d8aaef1-66f5-467d-8e38-4565a14c2260,5f6dc1e7-57d8-40e0-a41b-8ae87913f80a,v1-0-0,2023-04-17,718539,18,data_delivery/hawkeyehfr/20230417/718539/baseball-pitching/594798/metrics-baseball-pitching-v2-0-0/018_8d8aaef1-66f5-467d-8e38-4565a14c2260_metrics.csv
2,0.1933,0.063,0.993,-0.104,1.6905,17.2,55.172405,10.5,19.2,72.413826,12.6,33.2,60.34481,24.7,18.4,10.344876,1.6,27.2,82.75864,12.7,21.6,81.0345,12.7,27.5,99.99999,27.5,24.7,99.99999,24.7,130.4,86.20691,112.8,1.2,0.11,-206.89647,-11.2,-0.6,86.20691,61.9,9.1,0.39,-41.379257,0.5,0.04,55.172405,-48.3,7.9,0.36,-91.37926,-10.7,-0.3,86.20691,52.2,1.0,0.29,99.99999,-11.9,-0.52,43.103455,20.3,2.5,0.82,-106.89648,-15.3,-0.54,58.620678,56.9,9.4,0.54,62.068947,-1.2,-0.09,99.99999,50.5,10.2,0.68,65.51722,-0.3,-0.27,-182.75851,49.1,7.1,0.75,82.75864,0.1,0.87,-237.93091,51.1,10.6,0.37,-93.10339,-31.0,-0.29,56.89654,54.9,0.97,49.8,49.8,1.7241358,-26.5,-24.5,51.724133,0.16,127.3,57.3,60.34481,3.9,37.5,0.0,0.55,-3.9,-10.4,55.172405,-65.0,-43.8,99.99999,0.34,54.7,5.3,99.99999,-39.8,-26.7,55.172405,0.01,130.0,-3.8,82.75864,-43.9,-5.7,94.82759,0.16,125.1,-147.0,99.99999,-197.8,-197.8,86.20691,0.66,124.5,99.4,81.0345,15.0,26.8,99.99999,0.82,0.8,1.14,RHA,0.53070265,1.0228859,894150c3-78a8-4ff0-bb44-de9dccfdcc9c,861d309c-c215-443b-952f-e4c99cc1e470,v1-0-0,2023-04-17,718539,19,data_delivery/hawkeyehfr/20230417/718539/baseball-pitching/594798/metrics-baseball-pitching-v2-0-0/019_894150c3-78a8-4ff0-bb44-de9dccfdcc9c_metrics.csv
3,0.1833,0.062,0.99,-0.128,1.6693,17.2,21.818218,10.3,20.7,74.54549,14.0,34.8,80.00002,26.0,17.4,7.272783,2.0,27.6,81.81821,12.3,22.2,81.81821,12.5,27.0,100.0,27.0,24.7,100.0,24.7,130.5,85.45456,112.8,1.0,0.48,-339.99988,-10.2,-0.57,85.45456,63.9,9.4,0.33,-94.545395,-2.9,-0.89,-339.99988,-44.2,7.7,0.49,-19.999973,-9.4,-0.25,85.45456,52.6,1.0,0.53,-185.45444,-12.2,-0.57,45.45455,19.8,3.3,0.79,-116.36355,-18.5,-0.6,59.999985,56.4,9.4,0.71,47.27273,-1.0,-0.07,100.0,51.8,9.9,0.68,63.636345,-0.3,-0.26,-183.63625,51.0,7.2,0.73,83.63638,0.1,0.53,-325.45438,53.5,11.7,0.53,-119.99991,-36.5,-0.32,58.181805,55.7,0.88,48.8,48.8,0.0,-31.5,-21.6,52.72727,0.16,128.5,58.2,59.999985,4.2,38.3,0.0,0.62,-3.8,-3.8,25.454576,-66.6,-42.7,100.0,0.46,54.5,4.3,100.0,-38.6,-38.5,21.818218,0.02,130.0,-3.3,100.0,-47.4,-6.6,87.27274,0.14,130.3,-153.2,100.0,-198.9,-198.9,87.27274,0.55,125.7,97.7,81.81821,10.8,34.6,100.0,0.79,0.81,1.11,RHA,0.53070265,1.0080812,be8d7f1a-4932-43f7-9fed-87607237574c,903cbcc6-1438-4cc6-847e-bc6bf6fa0d67,v1-0-0,2023-04-17,718539,20,data_delivery/hawkeyehfr/20230417/718539/baseball-pitching/594798/metrics-baseball-pitching-v2-0-0/020_be8d7f1a-4932-43f7-9fed-87607237574c_metrics.csv
4,0.1833,0.065,0.991,-0.118,1.6665,19.0,56.36363,11.7,21.0,72.72731,14.5,37.2,59.999985,27.8,18.5,5.454603,2.7,29.5,81.81821,13.4,22.7,81.81821,13.1,27.0,100.0,27.0,24.4,100.0,24.4,135.8,83.63638,117.3,1.5,0.17,-230.90898,-11.7,-0.6,83.63638,62.9,9.6,0.34,-98.181755,-4.8,-0.99,-350.90897,-42.5,7.6,0.34,-98.181755,-12.2,-0.29,83.63638,55.2,1.0,0.21,100.0,-12.3,-0.55,43.63637,20.2,3.3,0.78,-114.54537,-17.6,-0.55,58.181805,58.3,9.6,0.57,58.181805,-1.2,-0.09,100.0,52.2,10.0,0.66,63.636345,-0.3,-0.24,-190.90897,50.9,7.5,0.74,83.63638,0.1,0.38,-299.99988,53.6,11.4,0.49,-114.54537,-36.4,-0.3,56.36363,57.4,0.88,48.3,48.3,-1.8181794,-42.6,-31.5,50.90909,0.19,131.4,50.9,56.36363,3.9,26.2,100.0,0.55,-3.0,-11.3,56.36363,-60.6,-43.0,100.0,0.39,53.7,9.1,100.0,-40.7,-27.3,56.36363,0.01,130.0,-4.1,100.0,-44.4,-5.5,89.09092,0.13,115.3,-158.7,100.0,-198.9,-198.9,87.27274,0.56,127.2,98.3,81.81821,15.8,35.4,100.0,0.79,0.77,1.08,RHA,0.53070265,1.0052888,ce87d831-d2bb-4aea-94e3-d8213f5cae04,d605e4a0-33bb-425d-b267-fd78ced83c64,v1-0-0,2023-04-17,718539,21,data_delivery/hawkeyehfr/20230417/718539/baseball-pitching/594798/metrics-baseball-pitching-v2-0-0/021_ce87d831-d2bb-4aea-94e3-d8213f5cae04_metrics.csv
5,0.1867,0.073,0.991,-0.116,1.6635,16.7,57.14285,9.3,18.7,75.00003,14.0,34.3,82.14288,25.3,18.4,8.928624,2.8,27.6,82.14288,13.7,23.0,82.14288,13.6,28.0,100.0,28.0,24.9,100.0,24.9,133.1,85.7143,117.4,1.7,0.23,-214.28563,-10.0,-0.56,85.7143,64.7,10.8,0.41,-35.71424,-4.4,-0.87,-335.71417,-47.4,8.0,0.49,-124.9999,-10.2,-0.27,85.7143,47.9,0.9,0.19,100.0,-12.0,-0.53,46.428577,21.1,2.9,0.67,-96.42851,-15.4,-0.54,60.71427,56.1,9.9,0.61,58.92856,-1.1,-0.08,100.0,52.1,10.7,0.69,66.07141,-0.3,-0.24,-171.42848,50.9,7.3,0.74,83.92859,0.1,0.88,-258.92844,53.8,12.1,0.5,-121.42848,-30.0,-0.27,57.14285,55.0,0.9,50.0,50.0,5.3571997,-26.7,-18.6,55.357136,0.15,125.1,57.3,66.07141,4.0,39.4,0.0,0.54,-3.4,-10.9,57.14285,-61.3,-42.0,100.0,0.3,54.1,7.5,100.0,-40.2,-20.7,57.14285,0.01,130.0,-5.1,100.0,-47.4,-7.3,82.14288,0.13,108.7,-158.7,100.0,-199.1,-199.1,87.500015,0.6,125.9,99.2,82.14288,16.3,33.0,100.0,0.8,0.84,1.08,RHA,0.53070265,1.0083612,c203c6b9-240b-47cd-8449-88e8646c9571,dd284f76-bf9b-48de-b5e7-120b60d424eb,v1-0-0,2023-04-17,718539,22,data_delivery/hawkeyehfr/20230417/718539/baseball-pitching/594798/metrics-baseball-pitching-v2-0-0/022_c203c6b9-240b-47cd-8449-88e8646c9571_metrics.csv
6,0.19,0.076,0.982,-0.172,1.713,19.3,56.140343,11.3,18.5,73.68424,10.4,35.1,19.298283,23.2,16.7,8.771981,3.0,26.5,80.701775,10.7,19.9,75.43862,11.0,26.4,100.0,26.4,24.6,100.0,24.6,124.7,84.21054,106.8,1.6,0.18,-203.5087,-11.4,-0.57,84.21054,60.1,9.2,0.31,-87.719246,-1.1,-0.09,54.385956,-51.0,7.7,0.77,-201.75432,-12.6,-0.35,56.140343,54.1,0.9,0.19,100.0,-13.4,-0.57,42.10527,20.4,3.9,0.88,-108.77185,-19.0,-0.6,59.64911,61.7,8.3,0.71,45.61404,-1.5,-0.13,100.0,55.5,9.3,0.66,63.157875,-0.3,-0.24,-87.719246,55.4,6.9,0.67,84.21054,0.0,0.02,45.61404,58.4,13.4,0.6,-110.52624,-43.1,-0.36,57.894726,58.3,0.77,47.0,47.0,-5.263151,-52.1,-29.5,49.122807,0.15,128.8,55.5,63.157875,5.6,36.7,0.0,0.44,-1.5,-10.0,56.140343,-77.1,-43.3,100.0,0.22,61.9,2.3,100.0,-41.6,-20.3,56.140343,0.02,130.0,-1.0,100.0,-46.3,-4.3,80.701775,0.2,114.4,-131.3,100.0,-193.1,-193.1,84.21054,0.76,123.7,109.2,75.43862,17.5,28.3,100.0,0.76,0.77,1.23,RHA,0.53070265,1.025301,8786b3ed-3c09-4050-bc18-ed47720a3961,6ee20f60-9157-45df-ba3f-66c85b1b07af,v1-0-0,2023-04-17,718539,23,data_delivery/hawkeyehfr/20230417/718539/baseball-pitching/594798/metrics-baseball-pitching-v2-0-0/023_8786b3ed-3c09-4050-bc18-ed47720a3961_metrics.csv
7,0.1833,0.071,0.989,-0.128,1.7024,18.9,56.36363,11.2,18.2,76.36366,12.7,36.5,80.00002,25.7,20.1,9.090962,1.9,29.0,83.63638,14.2,22.0,83.63638,13.6,27.7,100.0,27.7,24.2,100.0,24.2,135.2,85.45456,117.0,1.9,0.2,-225.45444,-10.8,-0.55,85.45456,61.5,10.0,0.34,-96.36357,-1.0,-0.27,-345.4544,-48.5,8.9,0.39,-101.818115,-10.8,-0.28,85.45456,48.0,1.0,0.28,100.0,-12.2,-0.53,43.63637,21.6,3.4,0.78,-112.72719,-16.9,-0.56,59.999985,57.1,9.6,0.73,47.27273,-1.4,-0.07,87.27274,52.2,10.6,0.69,65.45452,-0.4,-0.3,-187.27261,50.7,7.2,0.73,83.63638,0.1,0.72,-239.99988,53.4,13.4,0.5,-109.09083,-33.0,-0.29,58.181805,55.4,0.91,50.3,50.3,0.0,-26.0,-19.3,52.72727,0.16,123.4,57.9,65.45452,3.7,39.3,0.0,0.53,-3.2,-12.2,56.36363,-64.6,-44.9,100.0,0.28,50.6,2.2,100.0,-40.5,-23.5,56.36363,0.02,89.4,-5.2,83.63638,-45.3,-7.6,94.54546,0.12,135.0,-158.8,100.0,-199.1,-199.1,87.27274,0.57,126.2,91.9,83.63638,15.0,28.6,100.0,0.79,0.76,1.1,RHA,0.53070265,1.0046057,fb7b5eea-aeb4-4f6a-8f4c-4dbbf80acd42,cfdda275-6a57-477c-977c-50ea2b424ffc,v1-0-0,2023-04-17,718539,24,data_delivery/hawkeyehfr/20230417/718539/baseball-pitching/594798/metrics-baseball-pitching-v2-0-0/024_fb7b5eea-aeb4-4f6a-8f4c-4dbbf80acd42_metrics.csv
8,0.1833,0.094,0.985,-0.146,1.7222,18.7,54.54545,13.0,18.2,70.90913,10.7,34.8,80.00002,25.4,18.4,14.545501,3.9,26.7,81.81821,11.7,20.8,76.36366,11.5,26.4,100.0,26.4,23.9,100.0,23.9,130.5,85.45456,111.3,1.7,0.19,-221.81808,-13.5,-0.59,85.45456,57.4,10.2,0.47,-25.454512,-3.7,-0.95,-341.81805,-51.6,7.5,0.4,-21.818153,-13.2,-0.35,85.45456,46.5,0.8,0.97,-279.99988,-12.9,-0.51,34.545475,21.5,3.4,0.75,-119.99991,-17.6,-0.6,59.999985,60.3,8.4,0.71,43.63637,-1.6,-0.13,100.0,54.7,9.1,0.66,61.818165,-0.2,-0.19,-170.909,54.3,6.8,0.69,83.63638,0.1,0.91,-229.0908,57.9,12.4,0.5,-123.63627,-38.1,-0.33,58.181805,55.3,1.0,49.5,49.5,0.0,-25.5,-25.5,49.090908,0.18,129.1,57.9,61.818165,6.4,36.3,0.0,0.43,-2.0,-11.3,54.54545,-76.9,-43.6,100.0,0.26,54.2,-1.1,100.0,-39.2,-25.0,54.54545,0.02,130.0,-1.8,100.0,-45.3,-4.5,81.81821,0.19,92.6,-140.7,100.0,-195.0,-195.0,85.45456,0.78,124.0,108.1,76.36366,19.8,27.2,100.0,0.77,0.8,1.15,RHA,0.53070265,1.0095452,60215bcd-d16c-4d8a-8d18-5ac511080231,ba817afe-e178-444e-98a9-c169c6e7a9c2,v1-0-0,2023-04-17,718539,25,data_delivery/hawkeyehfr/20230417/718539/baseball-pitching/594798/metrics-baseball-pitching-v2-0-0/025_60215bcd-d16c-4d8a-8d18-5ac511080231_metrics.csv
9,0.1833,0.07,0.987,-0.146,1.6774,18.1,56.36363,12.0,19.5,72.72731,15.2,37.2,80.00002,28.9,17.0,5.454603,2.5,28.2,80.00002,11.5,22.5,80.00002,12.4,27.6,100.0,27.6,24.9,100.0,24.9,134.8,85.45456,115.4,1.7,0.15,-198.18169,-12.4,-0.57,85.45456,60.2,10.0,0.34,-90.909035,-2.1,-0.52,-327.27255,-43.8,7.9,0.45,-123.63627,-12.1,-0.3,85.45456,56.5,0.9,0.63,-179.9999,-12.0,-0.54,41.81819,20.6,3.5,0.77,-118.181725,-16.8,-0.55,59.999985,58.7,9.6,0.74,45.45455,-1.5,-0.12,100.0,54.2,9.9,0.68,63.636345,-0.4,-0.26,-172.72717,53.6,7.4,0.72,83.63638,0.1,0.14,-265.45438,55.7,13.7,0.59,-119.99991,-34.7,-0.3,56.36363,57.9,1.0,48.3,48.3,0.0,-28.4,-28.4,50.90909,0.2,121.7,45.8,16.36368,3.9,22.4,100.0,0.57,-2.5,-10.8,56.36363,-60.9,-44.2,100.0,0.29,57.4,6.6,100.0,-39.7,-21.5,56.36363,0.02,130.0,-5.4,100.0,-47.7,-9.3,80.00002,0.15,113.6,-152.3,100.0,-198.1,-198.1,85.45456,0.63,125.2,99.3,80.00002,12.7,28.2,100.0,0.76,0.8,1.11,RHA,0.53070265,1.0198196,3e57a8be-d3c4-4e22-8bda-71060a15a7c3,85e85255-e31c-43d7-960f-95dc1ff04e4a,v1-0-0,2023-04-17,718539,26,data_delivery/hawkeyehfr/20230417/718539/baseball-pitching/594798/metrics-baseball-pitching-v2-0-0/026_3e57a8be-d3c4-4e22-8bda-71060a15a7c3_metrics.csv
10,0.1833,0.078,0.986,-0.144,1.6912,18.9,52.727238,12.4,17.5,70.90911,10.3,34.9,80.000015,24.3,18.7,7.2727227,2.3,27.1,81.81819,11.1,20.8,78.18183,11.2,26.2,100.0,26.2,23.8,100.0,23.8,129.2,83.636375,107.3,1.6,0.18,-220.00012,-12.4,-0.58,83.636375,56.9,9.3,0.33,-98.181885,-1.0,-0.3,-325.45465,-48.1,8.2,0.39,-100.00007,-12.6,-0.33,83.636375,48.5,1.1,0.27,100.0,-12.5,-0.51,36.363613,20.0,3.6,0.79,-109.090965,-18.1,-0.62,56.3636,57.6,8.9,0.74,41.818153,-1.3,-0.11,100.0,52.9,9.8,0.66,63.636322,-0.3,-0.26,-180.00008,51.7,7.1,0.73,81.81819,0.1,0.9,-232.72739,53.7,13.5,0.61,-120.00005,-39.7,-0.36,54.545418,54.4,0.94,47.1,47.1,-1.8182456,-24.4,-20.2,47.272697,0.18,127.7,60.5,67.27268,6.1,38.3,0.0,0.51,-2.8,-10.1,52.727238,-67.5,-42.8,100.0,0.24,58.6,2.3,100.0,-37.8,-20.7,52.727238,0.01,87.0,-2.8,100.0,-47.4,-4.5,90.909096,0.21,121.0,-128.1,100.0,-195.9,-195.9,83.636375,0.7,124.8,101.8,78.18183,13.2,24.2,100.0,0.77,0.79,1.15,RHA,0.53070265,1.0184044,bf633df3-eddc-490f-9c7f-e924b2c31080,cd539115-dce5-4e74-a765-2d7b4cbb4f9c,v1-0-0,2023-04-17,718539,33,data_delivery/hawkeyehfr/20230417/718539/baseball-pitching/594798/metrics-baseball-pitching-v2-0-0/033_bf633df3-eddc-490f-9c7f-e924b2c31080_metrics.csv
11,0.18,0.088,0.984,-0.158,1.7124,17.9,51.851818,12.1,18.0,70.37039,10.4,33.8,81.48149,24.0,17.8,5.555552,2.5,25.3,83.33334,10.7,20.7,77.777794,10.9,26.0,100.0,26.0,24.2,100.0,24.2,126.6,87.03705,105.8,1.7,0.2,-227.7779,-12.2,-0.56,87.03705,60.1,9.7,0.34,-101.85192,-3.3,-0.77,-355.55573,-49.2,7.2,0.32,-101.85192,-12.0,-0.33,87.03705,48.9,1.0,0.22,100.0,-12.2,-0.52,37.037014,20.4,2.9,0.86,-288.88904,-16.4,-0.58,59.25922,57.8,8.8,0.73,42.592564,-1.6,-0.15,100.0,53.0,9.7,0.67,62.96292,-0.3,-0.28,-101.85192,53.1,7.2,0.7,83.33334,0.1,0.42,-288.88904,55.8,10.6,0.5,-125.92598,-34.6,-0.31,55.55552,54.7,0.71,47.8,47.8,-5.5556183,-47.9,-20.5,46.296265,0.17,125.1,57.6,61.111073,5.3,37.6,0.0,0.49,-2.5,-10.0,51.851818,-69.9,-43.3,100.0,0.21,55.4,0.5,100.0,-39.2,-19.4,51.851818,0.01,84.2,-1.9,100.0,-46.6,-3.0,94.44445,0.17,115.8,-140.6,100.0,-193.9,-193.9,85.185196,0.71,126.2,105.3,77.777794,14.4,25.8,100.0,0.75,0.84,1.17,RHA,0.53070265,1.0176896,91cffad2-400b-4be7-bff9-d10680247db8,0ccda2a9-cfe9-4be5-9c02-04d39b72a038,v1-0-0,2023-04-17,718539,34,data_delivery/hawkeyehfr/20230417/718539/baseball-pitching/594798/metrics-baseball-pitching-v2-0-0/034_91cffad2-400b-4be7-bff9-d10680247db8_metrics.csv
12,0.18,0.056,0.992,-0.113,1.6819,18.7,53.70367,12.2,19.1,70.37039,12.2,35.3,57.40737,26.3,17.7,1.8518506,2.5,26.8,79.62965,12.9,21.9,77.777794,12.2,27.1,100.0,27.1,24.9,100.0,24.9,129.0,83.33334,115.0,1.7,0.18,-212.96309,-11.0,-0.56,83.33334,62.0,9.0,0.38,-40.74078,-1.2,-0.67,-316.66678,-45.5,7.5,0.47,-129.62968,-11.7,-0.3,83.33334,51.3,0.8,0.92,-235.1853,-12.1,-0.54,42.592564,20.5,3.3,0.75,-125.92598,-13.5,-0.49,59.25922,59.2,9.2,0.58,57.40737,-1.3,-0.11,100.0,52.1,10.0,0.69,62.96292,-0.3,-0.25,-183.33342,51.2,7.1,0.77,81.48149,-0.0,-0.03,48.148117,53.3,13.3,0.63,-127.777824,-26.5,-0.22,100.0,56.2,0.8,51.3,51.3,-1.8518506,-43.2,-24.0,49.999966,0.16,123.4,59.5,61.111073,3.8,40.2,0.0,0.54,-3.0,-10.3,53.70367,-65.7,-44.4,100.0,0.28,58.1,6.4,100.0,-36.3,-20.2,53.70367,0.02,130.0,-2.6,100.0,-46.0,-6.9,79.62965,0.16,120.1,-149.6,100.0,-199.7,-199.7,85.185196,0.68,124.1,103.2,77.777794,14.1,28.4,100.0,0.76,0.83,1.14,RHA,0.53070265,1.0223515,91c27721-f545-412f-84be-8e6ce62878d1,5326a68f-7847-433d-a890-759e683d3967,v1-0-0,2023-04-17,718539,35,data_delivery/hawkeyehfr/20230417/718539/baseball-pitching/594798/metrics-baseball-pitching-v2-0-0/035_91c27721-f545-412f-84be-8e6ce62878d1_metrics.csv
13,0.1833,0.083,0.983,-0.166,1.692,18.9,54.545418,13.4,19.5,69.09093,11.4,35.3,21.818167,26.5,17.0,5.4545417,2.6,27.9,80.000015,11.0,21.2,78.18183,11.0,26.2,100.0,26.2,24.2,100.0,24.2,131.3,83.636375,109.7,1.6,0.17,-212.7274,-12.7,-0.56,83.636375,61.3,9.7,0.33,-90.909164,-1.9,-0.51,-318.18195,-46.8,7.1,0.39,-123.63641,-13.6,-0.34,83.636375,53.3,0.9,0.97,-263.63644,-12.2,-0.54,38.181793,20.8,3.6,0.87,-118.18187,-18.3,-0.6,58.18178,61.4,8.9,0.74,41.818153,-1.8,-0.16,100.0,55.4,9.6,0.67,63.636322,-0.3,-0.25,-178.1819,54.8,7.1,0.67,83.636375,-0.1,-0.07,45.454517,57.2,13.6,0.59,-121.81823,-41.3,-0.37,54.545418,58.5,0.86,48.6,48.6,-1.8182456,-37.3,-25.4,49.090878,0.12,122.7,51.9,58.18178,3.7,38.0,0.0,0.5,-1.4,-9.2,54.545418,-69.4,-43.5,100.0,0.25,57.0,5.8,98.181816,-38.2,-18.2,54.545418,0.01,130.0,-2.4,100.0,-48.4,-5.0,80.000015,0.24,72.2,-130.3,100.0,-195.6,-195.6,83.636375,0.71,123.6,103.2,78.18183,15.1,26.6,100.0,0.79,0.77,1.15,RHA,0.53070265,1.017506,9112c866-49eb-4f63-9cb1-7e0610faf91c,b8791081-3aae-41f1-b0e5-98294054f8ee,v1-0-0,2023-04-17,718539,36,data_delivery/hawkeyehfr/20230417/718539/baseball-pitching/594798/metrics-baseball-pitching-v2-0-0/036_9112c866-49eb-4f63-9cb1-7e0610faf91c_metrics.csv
14,0.1867,0.064,0.986,-0.156,1.7033,19.6,55.357136,13.6,17.5,71.428604,11.4,34.7,82.14288,26.6,16.8,10.714335,2.9,25.9,80.35717,10.6,20.7,75.00003,11.3,26.6,100.0,26.6,24.0,100.0,24.0,127.0,85.7143,109.7,1.5,0.17,-210.7142,-13.5,-0.57,85.7143,60.8,9.8,0.47,-24.999968,-2.1,-0.65,-319.6427,-51.8,6.5,0.36,-123.214195,-13.3,-0.35,85.7143,52.6,1.0,0.22,100.0,-13.0,-0.53,37.500015,20.6,3.0,0.85,-116.07134,-15.1,-0.54,57.14285,62.1,8.3,0.71,44.642864,-1.2,-0.11,100.0,55.6,9.2,0.64,64.2857,-0.4,-0.23,-241.0713,55.4,6.9,0.68,83.92859,0.1,0.07,44.642864,58.7,11.7,0.52,-119.64277,-34.4,-0.32,53.571423,57.4,1.0,45.8,45.8,-3.571424,-31.2,-31.2,48.214287,0.18,126.7,57.8,73.21432,8.3,36.3,0.0,0.46,-1.0,-8.4,55.357136,-73.6,-41.7,100.0,0.22,60.7,3.1,100.0,-39.8,-18.8,55.357136,0.04,130.0,-0.0,100.0,-44.4,-6.9,80.35717,0.2,99.4,-135.3,100.0,-193.5,-193.5,83.92859,0.74,124.9,108.6,75.00003,16.3,27.7,100.0,0.75,0.85,1.16,RHA,0.53070265,1.0164021,9664d90c-a030-48d8-acc7-ecc3baa31673,cba92ef2-0abf-4693-b6f4-715424e63e23,v1-0-0,2023-04-17,718539,37,data_delivery/hawkeyehfr/20230417/718539/baseball-pitching/594798/metrics-baseball-pitching-v2-0-0/037_9664d90c-a030-48d8-acc7-ecc3baa31673_metrics.csv
15,0.18,0.029,0.99,-0.14,1.6815,18.8,55.55552,12.6,17.4,68.51847,11.7,36.3,59.25922,26.0,19.4,5.555552,2.7,29.2,81.48149,12.9,22.3,81.48149,12.3,26.6,100.0,26.6,24.2,100.0,24.2,131.9,83.33334,113.6,2.0,0.22,-220.3705,-11.4,-0.58,83.33334,62.6,10.1,0.34,-92.59267,-4.7,-0.93,-353.70386,-47.7,8.2,0.37,-101.85192,-11.9,-0.32,83.33334,49.2,0.7,0.91,-301.852,-11.8,-0.52,40.740715,20.4,3.5,0.8,-125.92598,-14.5,-0.5,51.851818,58.5,10.1,0.6,57.40737,-0.9,-0.59,-187.03711,51.9,9.8,0.67,64.81477,-0.4,-0.28,-187.03711,50.2,7.6,0.73,83.33334,-0.0,-0.15,-296.29645,52.3,13.1,0.62,-125.92598,-33.7,-0.33,48.148117,55.8,0.8,45.6,45.6,-3.7037675,-51.7,-32.5,49.999966,0.12,125.1,54.1,61.111073,3.8,39.6,0.0,0.52,-3.4,-9.3,55.55552,-63.7,-40.9,100.0,0.37,58.3,9.5,100.0,-39.6,-26.8,55.55552,0.03,130.0,-3.7,100.0,-42.5,-8.9,81.48149,0.13,126.8,-158.1,100.0,-199.6,-199.6,87.03705,0.58,127.1,95.1,81.48149,15.8,30.4,100.0,0.81,0.76,1.08,RHA,0.53070265,1.0089918,6a8a0461-cadc-4c3b-8e08-5c1967152cea,ca17bdc7-2415-448c-a656-2ba7bf134016,v1-0-0,2023-04-17,718539,38,data_delivery/hawkeyehfr/20230417/718539/baseball-pitching/594798/metrics-baseball-pitching-v2-0-0/038_6a8a0461-cadc-4c3b-8e08-5c1967152cea_metrics.csv
16,0.1833,0.035,0.99,-0.135,1.681,19.5,56.3636,12.1,18.6,70.90911,13.1,37.1,58.18178,26.8,17.5,5.4545417,1.8,28.6,78.18183,10.7,22.5,80.000015,12.0,27.4,100.0,27.4,24.9,100.0,24.9,131.6,81.81819,111.0,1.8,0.16,-214.54558,-11.2,-0.56,81.81819,62.5,9.4,0.41,-29.090956,-1.1,-0.52,-314.54556,-48.3,8.1,0.36,-98.181885,-11.0,-0.28,81.81819,55.1,0.8,0.93,-243.63646,-12.1,-0.52,39.999973,19.8,3.4,0.9,-120.00005,-16.6,-0.54,56.3636,58.4,9.8,0.56,59.99996,-1.2,-0.1,100.0,52.0,10.1,0.7,63.636322,-0.4,-0.31,-254.54555,50.8,7.8,0.71,83.636375,0.1,0.56,-281.81833,52.4,11.4,0.57,-121.81823,-33.8,-0.29,54.545418,57.0,0.89,46.3,46.3,-3.6364262,-42.2,-32.6,50.909058,0.17,126.6,45.8,16.363626,3.3,24.4,100.0,0.58,-3.7,-11.3,56.3636,-58.0,-43.0,100.0,0.34,61.7,8.6,100.0,-40.3,-26.4,56.3636,0.06,88.1,-4.2,100.0,-47.2,-12.2,78.18183,0.15,135.0,-148.0,100.0,-199.5,-199.5,85.45455,0.62,124.7,95.9,80.000015,14.2,27.4,100.0,0.77,0.78,1.11,RHA,0.53070265,1.0139447,0c6e325f-b1dd-4b80-9f08-dc84d59f35d7,ee32b0c8-bcf5-4052-8e12-6d2139cedfd5,v1-0-0,2023-04-17,718539,39,data_delivery/hawkeyehfr/20230417/718539/baseball-pitching/594798/metrics-baseball-pitching-v2-0-0/039_0c6e325f-b1dd-4b80-9f08-dc84d59f35d7_metrics.csv
17,0.1767,0.081,0.984,-0.161,1.72,23.3,54.716946,13.7,17.7,20.754704,10.6,37.2,54.716946,25.9,18.5,5.6603737,3.0,28.3,47.16978,11.4,20.8,79.2453,11.0,26.1,100.0,26.1,24.1,100.0,24.1,128.8,84.90567,109.8,1.7,0.18,-222.64163,-12.4,-0.56,84.90567,61.1,9.9,0.47,-28.301935,-3.0,-0.68,-347.16992,-51.5,6.9,0.29,-103.77365,-14.9,-0.36,54.716946,51.8,1.0,0.21,100.0,-12.7,-0.53,37.735825,20.6,3.0,0.87,-115.0944,-21.4,-0.63,56.603737,60.5,9.5,0.75,39.622616,-1.6,-0.14,100.0,55.4,9.9,0.67,64.1509,-0.4,-0.34,-260.37747,54.7,7.2,0.71,83.01888,-0.1,-0.09,43.3962,56.7,11.0,0.48,-132.07552,-51.1,-0.41,54.716946,57.3,0.92,46.7,46.7,-7.547232,-32.7,-26.5,47.16978,0.08,124.7,48.9,79.2453,3.8,39.1,0.0,0.49,-1.8,-12.1,54.716946,-67.2,-43.9,100.0,0.24,60.7,4.5,100.0,-40.7,-20.3,54.716946,0.26,130.0,-2.8,100.0,-49.7,-49.0,47.16978,0.18,119.6,-140.6,100.0,-198.3,-198.3,84.90567,0.68,125.7,99.1,79.2453,18.7,26.2,100.0,0.79,0.74,1.16,RHA,0.53070265,1.0093033,681e09a7-4cb2-4e6d-8aff-d73182e78272,bc56d7cf-2d3e-4582-a743-9d1b8f61328f,v1-0-0,2023-04-17,718539,40,data_delivery/hawkeyehfr/20230417/718539/baseball-pitching/594798/metrics-baseball-pitching-v2-0-0/040_681e09a7-4cb2-4e6d-8aff-d73182e78272_metrics.csv
18,0.1867,0.069,0.982,-0.178,1.7141,19.1,55.357136,13.6,16.5,69.6429,10.0,35.4,57.14285,25.2,17.6,8.928624,2.7,27.7,82.14288,11.4,21.0,78.57146,11.0,26.4,100.0,26.4,24.6,100.0,24.6,131.9,85.7143,109.7,1.3,0.15,-210.7142,-12.9,-0.56,85.7143,64.6,10.1,0.51,-19.642832,-1.7,-0.61,-316.0713,-49.9,7.0,0.36,-19.642832,-14.1,-0.36,85.7143,57.8,0.7,0.77,-310.71414,-13.0,-0.56,42.85715,21.6,2.9,0.87,-114.28563,-18.8,-0.57,58.92856,61.6,9.3,0.74,44.642864,-1.4,-0.13,100.0,55.4,9.8,0.65,66.07141,-0.3,-0.27,-248.21416,54.5,7.2,0.68,83.92859,-0.1,-0.06,41.07144,56.9,10.6,0.53,-124.9999,-42.1,-0.35,57.14285,59.0,0.87,47.5,47.5,-3.571424,-36.6,-25.9,48.214287,0.1,125.9,50.8,58.92856,3.6,37.9,0.0,0.54,-1.9,-10.2,55.357136,-68.9,-46.2,100.0,0.22,54.0,0.4,98.21429,-40.1,-20.4,55.357136,0.02,87.3,-2.0,100.0,-47.2,-5.0,82.14288,0.21,112.1,-133.2,100.0,-196.8,-196.8,83.92859,0.69,125.1,102.2,78.57146,14.8,26.3,100.0,0.78,0.77,1.17,RHA,0.53070265,1.019848,3e66e179-395c-432c-9b6c-06655bcbc346,f1b80aab-53cd-4d85-bca1-26d5934cd13e,v1-0-0,2023-04-17,718539,41,data_delivery/hawkeyehfr/20230417/718539/baseball-pitching/594798/metrics-baseball-pitching-v2-0-0/041_3e66e179-395c-432c-9b6c-06655bcbc346_metrics.csv
19,0.1833,0.059,0.983,-0.173,1.6847,18.7,21.818167,13.2,17.5,70.90911,10.5,35.6,21.818167,25.2,18.4,7.2727227,2.5,26.9,80.000015,11.0,20.6,76.363655,10.5,25.7,100.0,25.7,24.1,100.0,24.1,126.0,83.636375,106.7,2.3,0.28,-227.27284,-11.5,-0.55,83.636375,64.5,9.6,0.43,-32.727318,-4.3,-0.88,-347.2729,-48.5,7.5,0.34,-101.818245,-12.3,-0.33,83.636375,49.0,0.7,0.97,-283.6365,-12.2,-0.54,43.636333,21.7,3.0,0.78,-120.00005,-16.7,-0.57,58.18178,60.0,9.1,0.74,43.636333,-1.1,-0.1,100.0,53.3,9.9,0.69,63.636322,-0.3,-0.27,-101.818245,52.5,7.4,0.7,83.636375,0.0,0.03,45.454517,55.1,11.4,0.56,-125.4546,-35.8,-0.33,54.545418,56.3,0.75,47.9,47.9,0.0,-49.4,-25.3,49.090878,0.17,125.2,59.3,63.636322,4.4,38.9,0.0,0.6,-1.3,-1.3,21.818167,-69.2,-41.8,100.0,0.46,54.6,4.2,100.0,-38.7,-38.7,21.818167,0.03,130.0,-0.7,100.0,-45.8,-5.4,80.000015,0.22,75.2,-136.8,100.0,-196.2,-196.2,85.45455,0.71,126.1,106.8,76.363655,14.9,28.1,100.0,0.76,0.79,1.17,RHA,0.53070265,1.0188421,5eb448fe-2da8-4a29-92af-1716582f21ba,ca7a7f5f-8daa-46e2-b143-7c5b4a6464f5,v1-0-0,2023-04-17,718539,42,data_delivery/hawkeyehfr/20230417/718539/baseball-pitching/594798/metrics-baseball-pitching-v2-0-0/042_5eb448fe-2da8-4a29-92af-1716582f21ba_metrics.csv
20,0.1833,0.066,0.985,-0.162,1.7145,19.4,52.727238,14.1,16.5,23.636349,10.0,34.6,23.636349,25.8,18.4,5.4545417,2.9,27.4,80.000015,11.4,20.9,80.000015,11.2,26.5,100.0,26.5,24.4,100.0,24.4,129.5,85.45455,110.6,2.1,0.19,-209.09103,-12.5,-0.57,85.45455,64.4,9.5,0.61,0.0,-5.2,-0.95,-336.36374,-51.3,7.0,0.4,-127.27277,-12.8,-0.34,85.45455,50.2,0.7,0.97,-241.81828,-12.7,-0.55,39.999973,19.4,3.0,0.8,-121.81823,-17.7,-0.59,58.18178,59.9,8.8,0.74,43.636333,-1.3,-0.11,100.0,53.4,10.0,0.69,63.636322,-0.3,-0.22,-100.00007,52.5,7.4,0.71,83.636375,0.1,0.26,-270.90918,54.8,12.3,0.58,-125.4546,-38.2,-0.34,54.545418,56.0,0.84,48.5,48.5,-3.6364262,-37.6,-24.0,49.090878,0.14,126.8,54.3,76.363655,6.0,38.0,0.0,0.49,-1.9,-9.0,52.727238,-72.2,-43.2,100.0,0.24,59.5,4.1,98.181816,-39.5,-19.3,52.727238,0.04,86.0,-2.5,100.0,-49.2,-7.8,80.000015,0.18,119.2,-141.6,100.0,-197.2,-197.2,85.45455,0.68,124.4,98.1,80.000015,17.3,25.0,100.0,0.79,0.76,1.17,RHA,0.53070265,1.0146649,71d951d7-c5f3-4e8d-bdbd-a208b44c3ad5,bc95ea0e-283d-4a18-b316-bd1013ad1068,v1-0-0,2023-04-17,718539,43,data_delivery/hawkeyehfr/20230417/718539/baseball-pitching/594798/metrics-baseball-pitching-v2-0-0/043_71d951d7-c5f3-4e8d-bdbd-a208b44c3ad5_metrics.csv
21,0.1833,0.053,0.983,-0.173,1.7086,19.3,50.909058,12.5,17.1,72.72729,10.5,35.5,80.000015,24.7,18.8,9.090903,2.6,27.6,81.81819,10.9,20.9,78.18183,11.2,26.6,100.0,26.6,24.5,100.0,24.5,132.6,85.45455,108.4,2.2,0.25,-223.63647,-12.4,-0.55,85.45455,63.6,9.6,0.43,-32.727318,-5.3,-0.92,-350.90924,-49.4,6.4,0.32,-9.090968,-13.3,-0.34,85.45455,50.6,0.7,0.83,-292.72742,-11.9,-0.52,45.454517,22.9,2.7,0.84,-289.09103,-14.8,-0.53,59.99996,62.7,9.6,0.68,50.909058,-1.3,-0.11,100.0,55.8,9.7,0.68,63.636322,-0.4,-0.33,-254.54555,54.7,7.5,0.76,81.81819,0.1,0.29,-274.5456,56.8,8.9,0.94,-227.27284,-30.3,-0.27,56.3636,58.0,0.73,49.6,49.6,-3.6364262,-42.1,-17.5,47.272697,0.18,122.5,61.4,67.27268,4.0,40.6,0.0,0.51,-0.4,-8.6,50.909058,-71.8,-44.8,100.0,0.28,54.9,1.5,98.181816,-38.5,-24.7,50.909058,0.02,85.2,-1.6,100.0,-44.1,-4.0,81.81819,0.2,125.5,-131.8,100.0,-197.4,-197.4,85.45455,0.72,123.1,102.0,78.18183,14.7,24.4,100.0,0.78,0.77,1.17,RHA,0.53070265,1.0184582,4b7ac894-fe61-44cb-b3c4-a8f04e08830b,ef74c59a-310b-40fc-b921-a902be481996,v1-0-0,2023-04-17,718539,44,data_delivery/hawkeyehfr/20230417/718539/baseball-pitching/594798/metrics-baseball-pitching-v2-0-0/044_4b7ac894-fe61-44cb-b3c4-a8f04e08830b_metrics.csv
22,0.1833,0.06,0.985,-0.159,1.7139,19.8,54.545418,11.4,17.6,72.72729,10.4,35.0,18.181807,23.5,18.7,5.4545417,2.4,27.3,80.000015,11.1,20.4,78.18183,11.9,26.9,100.0,26.9,23.8,100.0,23.8,128.3,83.636375,108.0,2.3,0.23,-218.18193,-11.2,-0.58,83.636375,63.2,10.4,0.42,-38.181858,-5.0,-0.97,-347.2729,-50.2,7.8,0.8,-218.18193,-11.3,-0.31,83.636375,47.9,0.7,0.8,-294.5456,-12.4,-0.53,39.999973,21.9,2.9,0.87,-110.90915,-16.5,-0.57,58.18178,62.1,9.0,0.59,56.3636,-1.4,-0.12,100.0,55.6,9.9,0.71,61.818142,-0.3,-0.31,-94.545525,54.1,7.3,0.66,83.636375,0.1,0.4,-236.36374,56.5,12.2,0.97,-220.00012,-33.6,-0.3,54.545418,57.5,0.98,50.4,50.4,-5.454607,-24.2,-22.8,49.090878,0.15,129.0,60.2,70.90911,5.0,41.3,0.0,0.47,-1.1,-9.7,54.545418,-74.7,-44.2,100.0,0.24,53.3,1.8,98.181816,-40.2,-20.4,54.545418,0.03,130.0,-1.8,100.0,-47.0,-7.5,80.000015,0.24,91.2,-127.7,100.0,-195.8,-195.8,83.636375,0.67,124.3,98.8,78.18183,13.1,24.6,100.0,0.78,0.75,1.16,RHA,0.53070265,1.0066284,b343629d-d4a0-4482-8e0b-6cbee5199a0e,9e490f94-34af-4323-a2b4-064f713c5b8c,v1-0-0,2023-04-17,718539,45,data_delivery/hawkeyehfr/20230417/718539/baseball-pitching/594798/metrics-baseball-pitching-v2-0-0/045_b343629d-d4a0-4482-8e0b-6cbee5199a0e_metrics.csv
23,0.1833,0.037,0.993,-0.113,1.682,17.6,52.727238,11.2,18.5,72.72729,13.0,33.6,78.18183,25.9,17.8,5.4545417,1.9,28.0,80.000015,11.8,21.9,80.000015,13.1,28.6,100.0,28.6,25.4,100.0,25.4,128.8,81.81819,114.8,2.8,0.26,-214.54558,-9.6,-0.54,81.81819,64.9,9.9,0.4,-38.181858,-5.1,-0.91,-350.90924,-47.2,7.2,0.42,-132.72731,-9.3,-0.24,81.81819,47.0,0.8,0.95,-287.27286,-12.1,-0.55,47.272697,20.1,3.6,0.89,-114.54551,-15.3,-0.49,56.3636,58.1,10.3,0.61,58.18178,-1.3,-0.09,100.0,52.2,10.4,0.71,63.636322,-0.3,-0.24,-176.36372,50.3,7.6,0.71,83.636375,0.1,0.85,-241.81828,52.7,13.1,0.56,-118.18187,-32.0,-0.28,52.727238,56.3,0.71,50.6,50.6,-1.8182456,-48.2,-19.4,49.090878,0.15,125.4,55.2,59.99996,3.8,37.1,100.0,0.59,-3.4,-9.1,52.727238,-61.4,-43.3,100.0,0.31,55.7,7.3,100.0,-40.1,-22.8,52.727238,0.03,130.0,-3.8,100.0,-47.2,-9.9,80.000015,0.16,135.0,-145.5,100.0,-198.6,-198.6,85.45455,0.62,124.9,97.1,80.000015,11.4,27.2,100.0,0.83,0.78,1.16,RHA,0.53070265,1.018612,935b99ae-adb6-4987-8359-67c20a54e324,6d37a49d-60fe-4dc7-9bcc-3d2e60d29ccb,v1-0-0,2023-04-17,718539,46,data_delivery/hawkeyehfr/20230417/718539/baseball-pitching/594798/metrics-baseball-pitching-v2-0-0/046_935b99ae-adb6-4987-8359-67c20a54e324_metrics.csv
24,0.18,0.055,0.991,-0.12,1.6663,16.9,53.70367,11.2,20.1,70.37039,14.4,34.2,81.48149,27.2,18.4,5.555552,2.5,28.8,81.48149,13.0,23.2,81.48149,13.0,26.9,100.0,26.9,24.2,100.0,24.2,135.4,85.185196,115.8,2.4,0.24,-233.33345,-11.8,-0.6,85.185196,64.1,9.7,0.35,-100.00007,-0.4,-0.18,-338.889,-42.5,8.2,0.38,-100.00007,-13.2,-0.33,85.185196,55.4,1.4,0.32,100.0,-12.0,-0.54,42.592564,21.1,3.9,0.83,-122.222275,-15.4,-0.53,53.70367,58.6,10.0,0.57,59.25922,-1.2,-0.05,87.03705,52.3,10.1,0.69,62.96292,-0.3,-0.25,-187.03711,51.0,7.4,0.75,83.33334,0.1,0.25,-296.29645,53.3,13.7,0.62,-124.07413,-33.8,-0.32,51.851818,57.1,1.0,46.2,46.2,-1.8519169,-25.1,-25.1,49.999966,0.16,127.1,54.9,59.25922,3.9,34.9,100.0,0.58,-3.3,-9.2,53.70367,-59.4,-41.8,100.0,0.36,63.4,10.0,100.0,-38.0,-26.0,53.70367,0.02,87.1,-2.8,100.0,-41.9,-5.8,81.48149,0.11,135.0,-162.8,100.0,-200.4,-200.4,87.03705,0.6,125.7,98.7,81.48149,15.6,32.8,100.0,0.84,0.8,1.04,RHA,0.53070265,1.0069823,3e9fb5cd-978c-42c7-9f94-fa7cbc5fa996,53b431e0-832f-4929-9025-2cf11cebf429,v1-0-0,2023-04-17,718539,61,data_delivery/hawkeyehfr/20230417/718539/baseball-pitching/594798/metrics-baseball-pitching-v2-0-0/061_3e9fb5cd-978c-42c7-9f94-fa7cbc5fa996_metrics.csv
25,0.1833,0.028,0.99,-0.141,1.6753,18.1,54.54545,11.8,17.6,72.72731,10.4,35.0,78.18185,23.7,17.8,9.090962,2.1,34.3,78.18185,11.9,21.8,78.18185,12.2,27.1,100.0,27.1,24.5,100.0,24.5,137.9,80.00002,110.2,2.3,0.24,-218.18173,-10.5,-0.5,80.00002,66.2,9.4,0.44,-29.09087,-2.4,-0.78,-334.5453,-50.6,8.4,0.39,-107.27265,-11.1,-0.28,80.00002,53.4,0.8,0.48,-169.09082,-12.3,-0.52,40.00001,21.6,4.1,0.83,-116.36355,-17.5,-0.57,56.36363,58.3,9.3,0.56,59.999985,-1.1,-0.09,100.0,52.1,10.0,0.7,63.636345,-0.4,-0.29,-183.63625,50.6,8.2,0.78,81.81821,0.2,0.73,-283.63626,52.3,14.7,0.61,-114.54537,-37.3,-0.33,54.54545,56.7,0.72,46.9,46.9,0.0,-52.9,-24.4,49.090908,0.1,127.6,50.0,54.54545,3.8,37.7,0.0,0.6,-2.9,-9.6,54.54545,-58.4,-42.7,100.0,0.29,59.3,6.3,100.0,-36.3,-21.1,54.54545,0.11,88.4,-1.5,100.0,-45.5,-15.7,81.81821,0.13,128.4,-155.2,100.0,-199.3,-199.3,85.45456,0.59,124.1,95.2,78.18185,14.5,30.0,100.0,0.98,0.63,1.13,RHA,0.53070265,1.018043,1dc51f4b-6014-4f99-996c-32a6999fcbec,f98d0f61-18f9-4c8b-a0a3-117b977f252b,v1-0-0,2023-04-17,718539,62,data_delivery/hawkeyehfr/20230417/718539/baseball-pitching/594798/metrics-baseball-pitching-v2-0-0/062_1dc51f4b-6014-4f99-996c-32a6999fcbec_metrics.csv
26,0.1733,0.038,0.988,-0.148,1.6707,17.8,49.999966,11.9,22.2,71.15386,13.2,37.9,78.84617,26.6,17.4,1.9230756,2.9,27.8,78.84617,10.9,22.4,80.76924,12.5,27.7,100.0,27.7,25.0,100.0,25.0,134.7,82.692314,112.9,1.9,0.25,-238.46164,-11.8,-0.57,82.692314,63.7,9.3,0.46,-30.769278,-0.9,-0.06,49.999966,-42.8,7.9,0.37,-115.384674,-11.6,-0.28,82.692314,60.8,1.0,0.54,-188.46161,-12.4,-0.54,40.384586,21.1,3.9,0.86,-121.1539,-17.2,-0.54,53.846115,58.5,9.4,0.73,42.307663,-1.3,-0.1,100.0,52.8,9.8,0.69,61.538418,-0.3,-0.26,-200.00006,51.6,7.6,0.72,82.692314,0.1,0.47,-317.3078,53.8,13.7,0.57,-119.23082,-37.4,-0.32,51.92304,58.0,0.9,47.6,47.6,-5.769295,-26.8,-19.2,48.07689,0.25,123.4,44.9,13.461529,3.7,15.5,100.0,0.61,-3.2,-8.3,49.999966,-59.7,-43.0,100.0,0.29,60.1,8.1,100.0,-36.7,-19.8,49.999966,0.04,130.0,-3.7,100.0,-45.6,-10.8,78.84617,0.16,119.2,-148.6,100.0,-198.6,-198.6,84.615395,0.58,125.9,93.2,80.76924,15.8,29.0,100.0,0.73,0.81,1.12,RHA,0.53070265,1.0142025,01779f00-c5d4-408b-a11e-74622f08ad4c,0722d1a6-1599-4f44-ac78-08ace91ba2a8,v1-0-0,2023-04-17,718539,63,data_delivery/hawkeyehfr/20230417/718539/baseball-pitching/594798/metrics-baseball-pitching-v2-0-0/063_01779f00-c5d4-408b-a11e-74622f08ad4c_metrics.csv
27,0.1867,0.066,0.985,-0.157,1.6612,21.7,55.357136,12.5,19.8,71.428604,11.6,37.5,60.71427,25.6,18.0,7.142912,2.7,27.8,82.14288,11.1,20.8,78.57146,11.7,26.8,100.0,26.8,24.5,100.0,24.5,130.4,85.7143,110.0,1.2,0.17,-221.42848,-12.2,-0.58,85.7143,64.3,10.1,0.53,-23.214256,-0.1,-0.01,55.357136,-45.9,7.8,0.36,-98.214226,-12.6,-0.33,85.7143,57.0,0.6,0.85,-239.2856,-13.3,-0.56,41.07144,22.2,2.7,0.82,-112.49992,-17.6,-0.58,58.92856,60.8,9.0,0.72,44.642864,-1.7,-0.14,100.0,52.9,10.0,0.68,64.2857,-0.4,-0.39,-99.99994,52.4,7.2,0.71,83.92859,-0.1,-0.03,46.428577,55.0,10.1,0.5,-110.71421,-39.0,-0.33,55.357136,57.6,1.0,48.1,48.1,-1.785712,-32.6,-32.6,50.0,0.17,129.1,60.3,62.499985,4.4,38.5,0.0,0.46,-0.7,-9.0,55.357136,-71.4,-41.7,100.0,0.28,54.8,8.5,98.21429,-38.4,-17.9,55.357136,0.01,130.0,-4.0,100.0,-47.5,-5.2,92.857155,0.19,70.4,-145.2,100.0,-196.5,-196.5,85.7143,0.71,124.8,104.8,78.57146,14.7,26.3,100.0,0.74,0.77,1.18,RHA,0.53070265,1.013279,a5697b5b-8ea8-4787-a214-6c6a811bdb6d,7db89eaf-fbff-41c4-a15d-a5777a864d4f,v1-0-0,2023-04-17,718539,64,data_delivery/hawkeyehfr/20230417/718539/baseball-pitching/594798/metrics-baseball-pitching-v2-0-0/064_a5697b5b-8ea8-4787-a214-6c6a811bdb6d_metrics.csv
28,0.1867,0.027,0.991,-0.131,1.6548,20.6,55.357136,10.4,18.1,73.21432,12.9,35.4,57.14285,25.0,18.4,8.928624,2.0,29.4,82.14288,13.0,22.3,82.14288,12.5,27.4,100.0,27.4,25.0,100.0,25.0,133.6,85.7143,113.8,1.9,0.22,-228.57133,-10.8,-0.59,85.7143,63.5,8.4,0.42,-30.357103,-4.5,-0.92,-353.5713,-47.7,7.0,0.34,-101.785645,-11.5,-0.3,85.7143,52.7,0.9,0.25,100.0,-12.0,-0.51,42.85715,21.7,3.1,0.87,-116.07134,-16.9,-0.57,58.92856,59.1,9.7,0.58,60.71427,-1.0,-0.63,-189.2856,52.5,10.5,0.7,64.2857,-0.4,-0.27,-189.2856,50.7,7.4,0.73,83.92859,0.0,0.1,-308.92844,53.0,10.9,0.46,-108.9285,-35.7,-0.31,55.357136,57.1,0.72,47.6,47.6,1.785712,-54.1,-25.3,50.0,0.16,127.9,57.5,64.2857,3.8,37.4,0.0,0.56,-2.4,-9.9,55.357136,-60.9,-42.6,100.0,0.36,56.9,10.0,100.0,-38.3,-24.2,55.357136,0.01,130.0,-4.0,82.14288,-46.4,-5.2,91.07144,0.13,128.9,-157.1,100.0,-200.5,-200.5,87.500015,0.62,127.2,97.3,82.14288,16.5,29.1,100.0,0.83,0.76,1.12,RHA,0.53070265,1.0181047,230399b9-8f50-44b1-b377-c9782ff073c9,3c4a4782-a2c4-4acb-8ece-598eeb11c272,v1-0-0,2023-04-17,718539,65,data_delivery/hawkeyehfr/20230417/718539/baseball-pitching/594798/metrics-baseball-pitching-v2-0-0/065_230399b9-8f50-44b1-b377-c9782ff073c9_metrics.csv
29,0.1833,0.03,0.991,-0.129,1.6625,19.2,52.72727,10.8,19.2,72.72731,12.5,33.3,80.00002,25.3,18.3,7.272783,2.0,28.7,81.81821,12.8,21.8,81.81821,12.7,27.3,100.0,27.3,24.6,100.0,24.6,132.4,85.45456,112.8,2.2,0.21,-218.18173,-10.6,-0.59,85.45456,63.7,9.6,0.35,-72.72724,-3.8,-0.92,-343.63623,-45.1,7.2,0.32,-94.545395,-10.8,-0.3,54.54545,49.4,0.8,0.97,-287.2726,-11.8,-0.51,43.63637,21.1,2.7,0.69,-278.1817,-16.1,-0.57,58.181805,58.9,9.6,0.57,59.999985,-1.2,-0.09,100.0,51.7,10.3,0.69,63.636345,-0.4,-0.27,-176.36354,50.2,7.4,0.72,83.63638,0.0,0.23,-310.90894,52.8,10.3,0.94,-227.27263,-34.6,-0.31,54.54545,56.1,0.79,48.7,48.7,0.0,-36.2,-18.2,47.27273,0.17,127.2,59.3,63.636345,3.5,38.8,0.0,0.56,-3.1,-9.2,52.72727,-61.8,-42.0,100.0,0.36,56.6,9.8,100.0,-38.4,-24.3,52.72727,0.01,130.0,-3.6,100.0,-44.0,-5.1,89.09092,0.13,135.0,-154.7,100.0,-199.0,-199.0,87.27274,0.6,124.9,95.7,81.81821,13.9,28.8,100.0,0.86,0.76,1.12,RHA,0.53070265,1.0110817,b5ddaf52-2a63-4f72-8c67-024880b62aa5,395c5697-99e5-4ee3-a769-adfcedcb806c,v1-0-0,2023-04-17,718539,66,data_delivery/hawkeyehfr/20230417/718539/baseball-pitching/594798/metrics-baseball-pitching-v2-0-0/066_b5ddaf52-2a63-4f72-8c67-024880b62aa5_metrics.csv
30,0.1833,0.029,0.991,-0.132,1.6616,16.4,54.54545,11.0,18.5,74.54549,16.0,33.1,27.272757,28.6,17.4,3.6364238,1.8,29.6,80.00002,10.6,22.7,78.18185,12.0,27.4,100.0,27.4,24.9,100.0,24.9,132.1,81.81821,112.9,2.6,0.26,-205.45447,-10.7,-0.59,81.81821,64.3,9.5,0.4,-34.54541,-2.6,-0.62,-327.27255,-48.4,7.8,0.32,-96.36357,-11.4,-0.29,81.81821,47.9,0.9,0.76,-154.54538,-12.2,-0.54,41.81819,18.0,3.3,0.79,-109.09083,-17.1,-0.58,56.36363,58.6,9.6,0.57,59.999985,-1.2,-0.1,100.0,51.9,10.3,0.7,63.636345,-0.4,-0.27,-169.09082,50.3,7.5,0.71,83.63638,-0.0,-0.01,40.00001,52.2,11.9,0.47,-105.45447,-36.8,-0.35,52.72727,56.4,0.88,49.1,49.1,1.8182445,-35.0,-25.3,52.72727,0.19,124.0,51.0,61.818165,3.6,28.5,100.0,0.57,-4.0,-8.5,54.54545,-60.8,-40.9,100.0,0.37,55.4,10.4,100.0,-36.8,-23.6,54.54545,0.04,130.0,-2.4,100.0,-47.8,-9.7,80.00002,0.14,127.1,-152.9,100.0,-198.0,-198.0,85.45456,0.67,125.8,102.6,78.18185,15.3,28.3,100.0,0.89,0.77,1.1,RHA,0.53070265,1.0177581,10a9b19f-6283-47ee-bcd4-4dfca9dd8e5b,f5acc2ed-dbf1-4bdc-8f46-3aaaa4f85a2b,v1-0-0,2023-04-17,718539,67,data_delivery/hawkeyehfr/20230417/718539/baseball-pitching/594798/metrics-baseball-pitching-v2-0-0/067_10a9b19f-6283-47ee-bcd4-4dfca9dd8e5b_metrics.csv
31,0.1867,0.079,0.983,-0.167,1.6993,23.6,55.357136,13.8,17.3,71.428604,10.7,39.6,57.14285,26.2,18.1,33.928593,2.4,29.0,83.92859,11.5,20.5,78.57146,11.6,27.0,100.0,27.0,24.6,100.0,24.6,135.0,87.500015,111.7,2.2,0.25,-214.28563,-14.1,-0.6,87.500015,59.6,9.4,0.48,-26.78568,-1.0,-0.06,55.357136,-51.2,6.6,0.78,-212.49992,-15.5,-0.4,87.500015,55.5,1.1,0.27,100.0,-12.9,-0.54,41.07144,21.3,3.5,0.89,-110.71421,-19.7,-0.61,58.92856,61.2,9.0,0.75,42.85715,-1.9,-0.16,100.0,55.4,9.8,0.67,64.2857,-0.3,-0.24,-166.07135,54.2,7.3,0.68,83.92859,-0.1,-0.06,41.07144,56.4,11.4,0.56,-114.28563,-46.1,-0.37,57.14285,58.2,0.82,48.8,48.8,-1.785712,-45.1,-27.8,48.214287,0.12,126.5,53.4,53.571423,3.5,38.8,0.0,0.52,-2.3,-11.1,55.357136,-70.5,-46.8,100.0,0.23,60.0,1.2,100.0,-39.7,-22.1,55.357136,0.02,88.1,-1.6,83.92859,-47.0,-4.3,96.42857,0.21,121.7,-129.5,100.0,-195.1,-195.1,83.92859,0.73,124.5,103.7,78.57146,13.5,22.7,100.0,0.73,0.74,1.2,RHA,0.53070265,1.0153782,d7ca059d-c4c6-4066-a895-dc88669ecfe9,7ec83c24-4e77-4a7b-a0dc-88b2fb9be59c,v1-0-0,2023-04-17,718539,68,data_delivery/hawkeyehfr/20230417/718539/baseball-pitching/594798/metrics-baseball-pitching-v2-0-0/068_d7ca059d-c4c6-4066-a895-dc88669ecfe9_metrics.csv
32,0.18,0.04,0.99,-0.138,1.6756,16.9,51.851818,9.5,18.0,70.37039,14.1,32.0,20.370358,25.3,17.1,5.555552,1.9,29.0,79.62965,11.9,22.2,81.48149,12.7,27.9,100.0,27.9,25.2,100.0,25.2,129.8,83.33334,113.1,2.1,0.26,-220.3705,-10.0,-0.58,83.33334,67.3,10.0,0.45,-29.629677,-5.4,-0.94,-350.00018,-45.5,7.2,0.44,-127.777824,-11.3,-0.3,83.33334,52.0,0.8,0.5,-172.2223,-12.0,-0.54,44.444416,20.5,3.5,0.82,-118.51858,-17.7,-0.57,57.40737,59.2,9.6,0.56,59.25922,-1.0,-0.61,-177.77786,52.6,10.4,0.69,62.96292,-0.4,-0.3,-177.77786,51.3,7.6,0.65,85.185196,0.2,0.06,42.592564,53.8,12.8,0.61,-122.222275,-37.3,-0.33,53.70367,58.2,0.72,49.5,49.5,-1.8519169,-49.8,-22.1,49.999966,0.19,126.5,52.5,61.111073,3.6,28.7,100.0,0.6,-2.9,-8.9,51.851818,-62.1,-44.2,100.0,0.32,54.8,6.0,100.0,-39.6,-24.3,51.851818,0.02,130.0,-2.2,100.0,-47.1,-6.4,79.62965,0.13,130.3,-156.2,100.0,-198.5,-198.5,87.03705,0.61,124.8,95.5,81.48149,16.3,28.9,100.0,0.91,0.76,1.14,RHA,0.53070265,1.0226991,fb982e7d-3d8d-4cf5-a1e2-ea19b411e525,2aeb4e0a-400b-41b9-91e6-29710be74e3d,v1-0-0,2023-04-17,718539,69,data_delivery/hawkeyehfr/20230417/718539/baseball-pitching/594798/metrics-baseball-pitching-v2-0-0/069_fb982e7d-3d8d-4cf5-a1e2-ea19b411e525_metrics.csv
33,0.19,0.075,0.983,-0.168,1.6785,19.7,57.894726,12.1,19.6,73.68424,11.7,36.2,64.91226,25.4,16.5,8.771981,1.8,28.7,82.45616,11.9,21.3,75.43862,11.2,26.8,100.0,26.8,25.1,100.0,25.1,133.2,85.96493,110.9,2.7,0.34,-203.5087,-13.1,-0.59,85.96493,62.7,10.2,0.41,-35.087673,-1.4,-0.68,-289.47357,-47.0,7.2,0.83,-203.5087,-14.3,-0.35,85.96493,51.2,1.4,0.35,100.0,-12.6,-0.56,43.859653,20.9,2.7,0.8,-207.01747,-16.8,-0.56,61.403492,62.8,9.3,0.71,50.87719,-1.5,-0.13,100.0,54.4,9.9,0.66,66.66664,-0.3,-0.27,-164.9122,53.8,7.7,0.73,84.21054,-0.1,-0.02,42.10527,55.9,12.0,0.97,-205.26308,-36.2,-0.31,57.894726,59.0,0.93,50.3,50.3,1.7543837,-27.0,-22.0,52.631573,0.13,125.8,55.6,59.64911,3.7,39.2,100.0,0.53,-1.0,-10.0,57.894726,-67.9,-45.2,100.0,0.24,60.0,2.6,100.0,-40.1,-21.8,57.894726,0.02,84.3,-1.7,82.45616,-46.1,-4.1,96.49123,0.19,123.7,-135.3,100.0,-195.9,-195.9,85.96493,0.79,127.0,112.8,75.43862,16.8,25.8,100.0,0.79,0.8,1.18,RHA,0.53070265,1.0152912,4a11bc17-cb6d-42fb-bb04-eae1793874f9,d51d96d2-e021-46fe-8927-23c275292273,v1-0-0,2023-04-17,718539,70,data_delivery/hawkeyehfr/20230417/718539/baseball-pitching/594798/metrics-baseball-pitching-v2-0-0/070_4a11bc17-cb6d-42fb-bb04-eae1793874f9_metrics.csv
34,0.1867,-0.014,0.99,-0.138,1.7194,17.9,51.785713,10.8,18.1,73.21432,11.3,34.2,78.57146,23.7,18.4,35.714302,2.6,27.6,80.35717,11.6,20.4,76.78574,12.5,27.3,100.0,27.3,24.1,100.0,24.1,127.6,85.7143,110.4,2.7,0.28,-203.57137,-11.1,-0.55,85.7143,62.5,9.7,0.54,-10.714272,-5.2,-0.9,-337.49988,-52.1,6.9,0.73,-203.57137,-10.8,-0.33,55.357136,48.3,1.1,0.51,-164.28563,-12.0,-0.49,39.28573,21.7,2.9,0.84,-287.49988,-16.9,-0.56,57.14285,61.9,9.1,0.53,62.499985,-1.0,-0.59,-169.64276,54.0,10.0,0.69,66.07141,-0.5,-0.32,-169.64276,51.9,7.2,0.74,83.92859,0.0,0.08,-292.85703,54.6,10.0,0.88,-207.14278,-38.1,-0.35,55.357136,56.8,1.0,44.5,44.5,-7.142848,-53.8,-53.8,158.9285,0.2,127.6,62.3,69.64283,3.8,38.0,0.0,0.49,-3.0,-8.1,51.785713,-72.7,-42.3,100.0,0.28,62.1,5.3,98.21429,-41.7,-24.2,51.785713,0.03,130.0,-1.1,100.0,-46.1,-6.4,80.35717,0.13,107.8,-158.4,100.0,-199.5,-199.5,87.500015,0.71,123.6,105.3,76.78574,12.9,27.1,100.0,0.81,0.76,1.18,RHA,0.53070265,0.9963134,c5fb402d-813a-4edc-b49d-abbae2cf08f4,5db400c3-8ee3-4b4c-a054-1c78a9745fc8,v1-0-0,2023-04-17,718539,71,data_delivery/hawkeyehfr/20230417/718539/baseball-pitching/594798/metrics-baseball-pitching-v2-0-0/071_c5fb402d-813a-4edc-b49d-abbae2cf08f4_metrics.csv
35,0.1833,0.097,0.981,-0.167,1.7058,18.3,85.45455,14.2,18.7,72.72729,12.2,35.9,81.81819,28.0,17.9,7.2727227,2.2,28.2,80.000015,12.2,21.2,76.363655,11.0,26.3,100.0,26.3,24.8,100.0,24.8,132.3,85.45455,113.1,1.7,0.22,-205.45467,-12.9,-0.57,85.45455,62.9,9.6,0.45,-27.272774,-4.7,-0.9,-341.81836,-46.6,7.5,0.33,-98.181885,-13.8,-0.34,85.45455,52.8,1.6,0.36,100.0,-12.6,-0.54,41.818153,21.2,3.6,0.84,-116.36369,-18.0,-0.58,59.99996,61.4,9.1,0.73,43.636333,-1.6,-0.14,100.0,54.0,9.6,0.67,63.636322,-0.3,-0.25,-180.00008,53.5,7.5,0.71,83.636375,-0.1,-0.07,43.636333,56.0,12.7,0.58,-120.00005,-38.5,-0.33,56.3636,58.3,0.86,46.5,46.5,-1.8182456,-37.1,-25.0,49.090878,0.13,126.7,51.7,56.3636,3.4,35.4,100.0,0.19,-1.4,-31.9,85.45455,-66.4,-44.2,100.0,0.05,55.2,4.3,98.181816,-37.8,-0.7,85.45455,0.01,87.7,-1.9,87.272736,-46.5,-3.1,80.000015,0.18,130.1,-135.7,100.0,-195.6,-195.6,85.45455,0.75,124.1,108.6,76.363655,16.3,27.2,100.0,0.79,0.78,1.17,RHA,0.53070265,1.0191199,80de5803-e15d-46fd-a125-cb151a555c73,59f26dfc-d5f9-4619-926a-9db37babcd13,v1-0-0,2023-04-17,718539,72,data_delivery/hawkeyehfr/20230417/718539/baseball-pitching/594798/metrics-baseball-pitching-v2-0-0/072_80de5803-e15d-46fd-a125-cb151a555c73_metrics.csv
36,0.18,0.044,0.989,-0.144,1.6782,18.7,53.70367,12.5,18.6,74.07409,13.9,35.2,81.48149,28.1,17.2,3.7037013,2.1,29.5,81.48149,13.1,22.8,81.48149,11.7,26.7,100.0,26.7,25.2,100.0,25.2,135.5,83.33334,115.9,2.4,0.26,-229.62975,-11.2,-0.56,83.33334,63.2,9.1,0.43,-35.18523,-0.0,-0.0,51.851818,-48.3,7.5,0.33,-101.85192,-12.1,-0.29,83.33334,57.2,1.2,0.56,-174.07416,-12.2,-0.54,44.444416,18.8,3.2,0.85,-116.666725,-15.6,-0.51,55.55552,59.2,10.0,0.58,59.25922,-1.0,-0.05,87.03705,51.6,10.4,0.68,64.81477,-0.4,-0.32,-187.03711,50.4,7.6,0.68,85.185196,-0.4,-0.37,-305.5557,52.7,10.7,0.41,-107.40747,-35.0,-0.31,51.851818,57.5,0.71,47.3,47.3,-1.8519169,-55.2,-25.1,48.148117,0.2,125.5,50.9,57.40737,3.6,26.2,100.0,0.59,-3.8,-10.0,53.70367,-61.0,-43.6,100.0,0.35,61.5,7.5,100.0,-38.8,-27.5,53.70367,0.01,84.5,-0.9,100.0,-43.0,-2.5,87.03705,0.12,134.9,-159.3,100.0,-199.7,-199.7,87.03705,0.6,129.8,100.8,81.48149,15.9,33.0,100.0,0.84,0.77,1.1,RHA,0.53070265,1.0177385,ce1aa0bc-e6d6-4cff-925a-10f149e6da9b,82153587-6737-4ea9-864e-2c863e1b53fa,v1-0-0,2023-04-17,718539,73,data_delivery/hawkeyehfr/20230417/718539/baseball-pitching/594798/metrics-baseball-pitching-v2-0-0/073_ce1aa0bc-e6d6-4cff-925a-10f149e6da9b_metrics.csv
37,0.1533,0.093,0.983,-0.16,1.6926,17.3,45.652138,13.1,18.2,67.39133,13.2,34.7,76.086975,27.9,17.0,-10.869556,2.5,28.4,76.086975,11.9,21.9,71.73915,12.0,26.8,100.0,26.8,24.1,100.0,24.1,131.3,80.4348,113.5,2.0,0.22,-260.8696,-12.1,-0.56,80.4348,62.4,10.0,0.32,-119.56528,-4.8,-0.88,-421.73917,-48.5,7.7,0.73,-254.34785,-13.5,-0.39,47.82605,52.0,1.3,0.3,100.0,-12.7,-0.55,30.434757,19.2,3.1,0.83,-152.17395,-20.1,-0.62,49.999958,62.1,8.9,0.74,32.60867,-1.6,-0.13,100.0,55.3,10.1,0.66,58.695606,-0.3,-0.24,-304.3479,54.4,7.3,0.66,82.6087,-0.1,-0.04,30.434757,57.4,11.4,0.5,-158.69568,-46.5,-0.41,47.82605,59.2,1.0,48.7,48.7,-19.565279,-34.2,-34.2,180.43472,0.14,125.7,52.0,52.17387,3.9,34.8,100.0,0.52,-1.4,-8.4,45.652138,-68.3,-43.5,100.0,0.29,59.3,4.0,97.82609,-36.2,-23.6,45.652138,0.02,130.0,-3.1,100.0,-49.7,-7.5,76.086975,0.17,95.9,-146.8,100.0,-195.3,-195.3,84.782616,0.75,123.1,107.8,71.73915,14.5,26.3,100.0,0.82,0.79,1.1,RHA,0.53070265,0.99532145,3981df9a-5c67-497d-8244-04d2bb18b5a9,0fe01ab7-e174-434d-83eb-c158df522e9b,v1-0-0,2023-04-17,718539,74,data_delivery/hawkeyehfr/20230417/718539/baseball-pitching/594798/metrics-baseball-pitching-v2-0-0/074_3981df9a-5c67-497d-8244-04d2bb18b5a9_metrics.csv
38,0.1867,0.044,0.989,-0.141,1.6835,18.6,57.14285,13.1,21.7,71.428604,15.3,37.9,60.71427,30.0,17.6,39.28573,2.8,30.8,80.35717,14.0,22.8,82.14288,15.2,28.5,100.0,28.5,23.8,100.0,23.8,138.1,82.14288,123.4,0.8,0.13,-237.4999,-11.0,-0.53,82.14288,65.3,8.9,0.42,-30.357103,-4.4,-0.87,-282.14276,-36.7,6.0,0.32,-112.49992,-10.8,-0.27,55.357136,64.7,0.8,0.18,100.0,-12.8,-0.53,42.85715,19.8,3.6,0.85,-112.49992,-17.5,-0.53,57.14285,58.9,10.1,0.58,60.71427,-1.0,-0.61,-83.92853,53.5,10.3,0.7,64.2857,-0.2,-0.14,-123.214195,51.4,7.4,0.75,83.92859,-0.0,-0.02,48.214287,53.1,12.4,0.56,-112.49992,-38.9,-0.32,55.357136,58.8,0.66,45.4,45.4,-5.357136,-65.8,-27.7,51.785713,0.27,101.5,47.8,21.428608,3.8,21.3,100.0,0.58,-1.7,-9.6,57.14285,-60.4,-43.8,100.0,0.28,57.1,3.4,100.0,-41.8,-24.4,57.14285,0.04,130.0,-3.4,100.0,-45.3,-10.5,80.35717,0.11,135.0,-165.4,100.0,-201.1,-201.1,87.500015,0.57,118.7,94.8,82.14288,9.5,32.6,100.0,0.81,0.74,1.04,RHA,0.53070265,0.98292327,35d0b1a9-3929-4668-b873-eb9edfe612c6,8ca77366-fc36-4b3d-8b81-82abc39983b3,v1-0-0,2023-04-17,718539,75,data_delivery/hawkeyehfr/20230417/718539/baseball-pitching/594798/metrics-baseball-pitching-v2-0-0/075_35d0b1a9-3929-4668-b873-eb9edfe612c6_metrics.csv
39,0.1933,0.074,0.979,-0.188,1.6834,20.6,56.89654,15.0,18.9,75.8621,11.2,37.8,82.75864,27.8,17.6,36.206913,3.0,29.1,82.75864,13.1,20.4,79.31036,11.2,25.6,99.99999,25.6,24.0,99.99999,24.0,135.8,87.931046,114.4,1.8,0.52,-270.68954,-13.7,-0.57,87.931046,64.2,8.9,0.33,-75.86203,-5.6,-0.65,-284.48264,-46.0,4.6,0.25,-36.206852,-16.0,-0.38,87.931046,64.9,1.4,0.54,-144.82753,-12.9,-0.54,43.103455,19.4,2.8,0.81,-99.99993,-19.9,-0.62,60.34481,60.9,8.9,0.74,44.82759,-1.7,-0.15,99.99999,53.8,9.6,0.67,65.51722,-0.2,-0.11,-117.24129,53.6,7.4,0.72,84.48277,-0.2,-0.18,51.724133,56.2,9.0,0.44,-99.99993,-46.0,-0.39,56.89654,59.5,1.0,49.4,49.4,0.0,-33.5,-33.5,51.724133,0.17,105.6,55.0,65.51722,3.7,37.9,0.0,0.53,-2.8,-10.3,56.89654,-68.5,-45.4,99.99999,0.23,59.4,0.2,99.99999,-41.4,-23.1,56.89654,0.01,84.9,-2.3,99.99999,-46.1,-3.3,93.103455,0.15,127.0,-146.3,99.99999,-193.7,-193.7,86.20691,0.72,122.9,104.2,79.31036,16.4,27.9,99.99999,0.77,0.72,1.17,RHA,0.53070265,1.0076733,8d49dcc7-5586-4a69-a5dc-87c831d59ae5,444b5335-3eef-4215-8ce7-407c8261c1c9,v1-0-0,2023-04-17,718539,76,data_delivery/hawkeyehfr/20230417/718539/baseball-pitching/594798/metrics-baseball-pitching-v2-0-0/076_8d49dcc7-5586-4a69-a5dc-87c831d59ae5_metrics.csv
40,0.1833,0.066,0.982,-0.178,1.6867,21.6,83.63638,15.2,18.2,74.54549,14.8,39.7,81.81821,31.6,16.9,7.272783,2.2,31.1,80.00002,12.2,21.4,78.18185,12.0,26.4,100.0,26.4,23.9,100.0,23.9,141.1,83.63638,117.1,1.3,0.42,-321.81802,-14.3,-0.53,83.63638,63.1,9.7,0.47,-19.999973,-9.2,-0.7,-350.90897,-48.7,6.6,0.31,-87.272675,-15.5,-0.33,83.63638,57.3,0.9,0.47,-161.8181,-12.7,-0.54,41.81819,19.1,3.5,0.91,-110.90901,-20.0,-0.64,58.181805,62.6,8.9,0.75,43.63637,-1.2,-0.1,100.0,54.3,10.0,0.7,63.636345,-0.2,-0.13,-112.72719,53.1,7.7,0.68,85.45456,-0.1,-0.05,40.00001,56.2,10.3,0.51,-112.72719,-43.7,-0.39,56.36363,59.6,0.83,45.7,45.7,-1.8181794,-50.7,-34.0,50.90909,0.14,111.5,46.1,65.45452,3.7,30.6,100.0,0.22,-2.8,-30.5,83.63638,-65.1,-44.3,100.0,0.07,62.2,2.3,100.0,-37.2,-4.8,83.63638,0.04,84.2,-1.2,100.0,-48.8,-5.8,80.00002,0.15,109.2,-148.8,100.0,-194.9,-194.9,87.27274,0.7,125.0,104.1,78.18185,15.4,27.4,100.0,0.79,0.7,1.11,RHA,0.53070265,0.9958111,c985eb33-4f45-4365-a2c1-c222f002e6b0,fd18c030-5981-4660-88e4-9bfb3cba50fd,v1-0-0,2023-04-17,718539,77,data_delivery/hawkeyehfr/20230417/718539/baseball-pitching/594798/metrics-baseball-pitching-v2-0-0/077_c985eb33-4f45-4365-a2c1-c222f002e6b0_metrics.csv
41,0.1833,0.035,0.991,-0.133,1.6798,18.8,52.72727,12.4,20.5,70.90913,12.3,36.2,78.18185,26.0,17.6,38.18183,2.1,30.1,80.00002,12.1,22.4,80.00002,11.5,26.3,100.0,26.3,24.7,100.0,24.7,135.9,81.81821,111.5,2.4,0.84,-290.90897,-11.9,-0.56,81.81821,63.6,9.9,0.44,-29.09087,-9.2,-0.76,-361.81802,-40.7,5.6,0.31,-109.09083,-12.4,-0.3,81.81821,58.4,1.1,0.51,-165.45445,-12.2,-0.52,43.63637,19.7,3.1,0.75,-109.09083,-16.4,-0.52,54.54545,60.6,9.8,0.57,59.999985,-1.1,-0.65,-165.45445,54.5,9.8,0.69,63.636345,-0.3,-0.17,-163.63628,52.6,7.6,0.74,83.63638,-0.2,-0.07,47.27273,54.7,11.1,0.51,-109.09083,-38.2,-0.32,52.72727,59.1,1.0,44.0,44.0,-3.6363587,-32.2,-32.2,47.27273,0.24,105.5,46.8,20.000038,3.8,22.7,100.0,0.57,-1.5,-9.2,52.72727,-62.8,-44.3,100.0,0.37,56.3,7.1,100.0,-42.1,-29.2,52.72727,0.03,130.0,-1.3,100.0,-42.3,-6.3,80.00002,0.14,113.3,-156.6,100.0,-201.6,-201.6,87.27274,0.65,122.4,100.7,80.00002,16.2,32.1,100.0,0.83,0.75,1.1,RHA,0.53070265,1.0075936,710e1934-0a92-4ce5-a09f-27bbbb9f2541,c83039df-b021-4e45-bb51-cf46f7a50385,v1-0-0,2023-04-17,718539,78,data_delivery/hawkeyehfr/20230417/718539/baseball-pitching/594798/metrics-baseball-pitching-v2-0-0/078_710e1934-0a92-4ce5-a09f-27bbbb9f2541_metrics.csv
42,0.1867,0.022,0.988,-0.156,1.6751,17.9,83.92859,13.1,17.7,73.21432,14.3,35.7,82.14288,29.2,17.3,39.28573,2.5,30.9,80.35717,13.0,22.4,78.57146,11.9,26.8,100.0,26.8,24.9,100.0,24.9,137.0,83.92859,117.2,2.2,0.83,-296.42844,-12.3,-0.54,83.92859,66.0,9.9,0.42,-28.571392,-8.0,-0.69,-321.4284,-46.7,6.2,0.32,-103.57136,-14.3,-0.33,83.92859,59.6,0.8,0.93,-251.78558,-11.7,-0.5,42.85715,20.0,2.9,0.68,-105.35707,-16.6,-0.53,58.92856,61.5,9.3,0.57,60.71427,-1.0,-0.57,-62.49992,54.0,9.9,0.68,66.07141,-0.2,-0.13,-112.49992,52.3,7.3,0.74,83.92859,-0.3,-0.18,50.0,54.4,10.6,0.52,-107.142784,-35.7,-0.31,55.357136,59.9,0.83,43.4,43.4,-5.357136,-38.1,-24.3,50.0,0.2,103.7,49.0,58.92856,3.6,28.7,100.0,0.18,-2.0,-31.0,83.92859,-69.4,-43.3,100.0,0.1,57.2,8.3,100.0,-45.7,-2.1,83.92859,0.03,130.0,0.3,100.0,-43.3,-5.0,80.35717,0.16,80.7,-155.5,100.0,-201.4,-201.4,87.500015,0.67,122.9,104.4,78.57146,16.0,32.3,100.0,0.87,0.73,1.11,RHA,0.53070265,1.0086685,dfc5fd0e-a781-4325-adf5-cfc15c5e19b8,8f6ba60c-bbcb-45d1-930a-ee349129b7b5,v1-0-0,2023-04-17,718539,79,data_delivery/hawkeyehfr/20230417/718539/baseball-pitching/594798/metrics-baseball-pitching-v2-0-0/079_dfc5fd0e-a781-4325-adf5-cfc15c5e19b8_metrics.csv
43,0.1767,0.026,0.993,-0.117,1.6683,17.5,50.943363,11.9,19.8,69.81134,13.1,35.3,75.47172,26.8,17.5,33.962242,2.2,30.1,79.2453,12.7,22.4,79.2453,12.4,27.5,100.0,27.5,24.8,100.0,24.8,134.7,81.13209,115.0,5.2,0.62,-224.52843,-10.4,-0.53,81.13209,63.2,10.4,0.42,-33.96231,-4.1,-0.84,-313.20767,-46.6,7.9,0.96,-224.52843,-11.9,-0.34,50.943363,56.0,0.9,0.81,-222.64163,-11.8,-0.51,39.622616,21.1,3.3,0.69,-226.41522,-18.5,-0.58,54.716946,60.8,9.6,0.59,56.603737,-1.3,-0.1,100.0,54.2,9.9,0.69,62.26411,-0.3,-0.21,-169.81142,52.3,7.5,0.71,83.01888,-0.0,-0.0,41.509407,54.1,14.7,0.94,-226.41522,-41.2,-0.36,50.943363,59.1,0.94,46.2,46.2,-7.547232,-25.4,-21.2,47.16978,0.19,113.8,56.0,56.603737,3.5,34.8,100.0,0.57,-2.9,-9.2,50.943363,-63.6,-43.6,100.0,0.32,56.9,8.7,100.0,-40.9,-23.0,50.943363,0.02,130.0,-2.5,100.0,-49.4,-5.5,79.2453,0.15,130.1,-149.5,100.0,-200.0,-200.0,84.90567,0.67,123.4,99.3,79.2453,16.2,27.2,100.0,0.85,0.74,1.11,RHA,0.53070265,1.0186667,2f0e6216-b2d1-406d-a879-386677744097,b79da9cf-15a9-4ef6-be19-381126c52f6a,v1-0-0,2023-04-17,718539,80,data_delivery/hawkeyehfr/20230417/718539/baseball-pitching/594798/metrics-baseball-pitching-v2-0-0/080_2f0e6216-b2d1-406d-a879-386677744097_metrics.csv
44,0.18,0.039,0.992,-0.121,1.6801,16.6,49.999966,10.4,18.4,70.37039,11.6,30.5,79.62965,23.6,17.9,3.7037013,2.4,26.5,79.62965,11.3,21.8,77.777794,11.5,27.1,100.0,27.1,25.0,100.0,25.0,124.5,83.33334,108.9,2.3,0.28,-233.33345,-10.1,-0.6,83.33334,65.8,8.8,0.42,-35.18523,-3.5,-0.93,-355.55573,-48.1,7.7,0.37,-101.85192,-9.8,-0.29,83.33334,48.9,0.9,0.21,100.0,-11.6,-0.51,38.888863,21.7,3.5,0.87,-124.07413,-14.0,-0.53,53.70367,56.2,9.4,0.57,57.40737,-1.3,-0.63,-190.74081,50.6,9.8,0.67,62.96292,-0.6,-0.33,-190.74081,49.5,7.2,0.75,81.48149,0.1,0.93,-338.889,51.7,11.8,0.58,-124.07413,-28.8,-0.29,49.999966,54.3,0.87,48.8,48.8,-3.7037675,-24.8,-15.1,48.148117,0.15,128.0,58.1,61.111073,4.0,39.8,0.0,0.52,-2.6,-8.0,49.999966,-66.6,-41.2,100.0,0.36,50.2,7.9,100.0,-38.3,-24.4,49.999966,0.01,130.0,-4.0,100.0,-42.7,-6.3,88.8889,0.16,135.0,-146.4,100.0,-198.2,-198.2,85.185196,0.7,124.4,104.0,77.777794,13.4,26.8,100.0,0.87,0.83,1.14,RHA,0.53070265,1.0285304,138157c4-8fe0-414c-8d52-f2a3f644a27c,6574a07f-ff56-4bcd-be83-0e037ca6e295,v1-0-0,2023-04-17,718539,85,data_delivery/hawkeyehfr/20230417/718539/baseball-pitching/594798/metrics-baseball-pitching-v2-0-0/085_138157c4-8fe0-414c-8d52-f2a3f644a27c_metrics.csv
45,0.18,0.036,0.988,-0.147,1.6687,18.3,49.999966,12.3,17.7,72.222244,12.6,33.1,53.70367,26.6,17.6,1.8518506,2.2,26.8,81.48149,13.0,22.3,81.48149,12.7,27.4,100.0,27.4,24.9,100.0,24.9,124.8,87.03705,115.7,2.6,0.35,-216.6668,-9.6,-0.58,87.03705,63.7,9.3,0.45,-29.629677,-4.5,-0.91,-344.44455,-48.7,7.9,0.36,-100.00007,-9.8,-0.3,87.03705,49.1,0.9,0.22,100.0,-11.4,-0.5,40.740715,21.4,3.8,0.89,-112.96302,-16.5,-0.56,57.40737,56.8,9.4,0.74,44.444416,-1.1,-0.08,100.0,51.7,10.1,0.7,62.96292,-0.3,-0.33,-251.85196,51.3,7.3,0.75,83.33334,0.0,0.2,-290.74088,54.2,13.0,0.65,-118.51858,-32.6,-0.29,55.55552,55.3,0.8,46.7,46.7,-1.8519169,-35.7,-19.0,48.148117,0.16,126.5,59.0,62.96292,3.9,39.4,0.0,0.55,-3.5,-8.5,49.999966,-64.8,-42.4,100.0,0.32,56.2,8.7,100.0,-37.9,-21.3,49.999966,0.01,130.0,-5.5,100.0,-45.4,-6.6,90.740746,0.13,121.6,-157.8,100.0,-197.7,-197.7,87.03705,0.61,125.8,98.7,81.48149,14.4,30.3,100.0,0.81,0.83,1.12,RHA,0.53070265,1.0183963,dfc8141b-2102-4922-a9be-df70ae0ab46d,19917a0a-dad2-4e82-b67f-589d90366a9b,v1-0-0,2023-04-17,718539,86,data_delivery/hawkeyehfr/20230417/718539/baseball-pitching/594798/metrics-baseball-pitching-v2-0-0/086_dfc8141b-2102-4922-a9be-df70ae0ab46d_metrics.csv
46,0.18,0.059,0.99,-0.13,1.6672,18.2,53.70367,10.4,19.0,68.51847,13.4,34.4,57.40737,25.4,17.4,3.7037013,2.0,27.2,79.62965,12.5,22.2,79.62965,12.5,27.6,100.0,27.6,25.1,100.0,25.1,126.2,83.33334,113.7,2.5,0.28,-229.62975,-9.4,-0.58,83.33334,66.2,9.4,0.34,-96.296364,-0.3,-0.13,-318.51865,-46.1,7.5,0.35,-101.85192,-10.4,-0.29,83.33334,54.0,0.9,0.23,100.0,-11.7,-0.51,37.037014,22.1,3.3,0.8,-114.81487,-15.6,-0.52,55.55552,58.6,9.5,0.56,59.25922,-1.2,-0.09,100.0,51.9,10.1,0.69,62.96292,-0.4,-0.27,-187.03711,51.2,7.5,0.73,83.33334,0.1,0.92,-285.18533,53.5,11.4,0.5,-112.96302,-32.1,-0.28,53.70367,57.2,0.75,50.0,50.0,-1.8519169,-40.9,-18.6,49.999966,0.15,126.2,55.6,57.40737,3.5,37.0,100.0,0.5,-3.4,-10.8,53.70367,-69.3,-44.0,100.0,0.32,58.3,7.1,100.0,-38.8,-23.8,53.70367,0.01,130.0,-4.9,100.0,-46.4,-6.7,79.62965,0.15,122.6,-150.8,100.0,-198.1,-198.1,87.03705,0.65,124.9,100.6,79.62965,13.9,28.2,100.0,0.79,0.82,1.13,RHA,0.53070265,1.0218703,e718b44c-128d-4b40-b2b3-037348fe3061,64c81131-2b4e-4b1d-ab96-6b1fc688bc23,v1-0-0,2023-04-17,718539,87,data_delivery/hawkeyehfr/20230417/718539/baseball-pitching/594798/metrics-baseball-pitching-v2-0-0/087_e718b44c-128d-4b40-b2b3-037348fe3061_metrics.csv
47,0.1767,0.058,0.983,-0.174,1.6972,21.1,50.943363,16.8,16.5,69.81134,11.6,36.8,50.943363,29.7,16.7,0.0,2.3,28.5,77.358505,9.7,21.2,75.47172,11.2,26.9,100.0,26.9,24.6,100.0,24.6,131.3,81.13209,111.9,2.4,0.32,-226.41522,-13.4,-0.54,81.13209,61.0,9.6,0.41,-37.735893,-5.3,-0.95,-352.8303,-52.4,7.0,0.85,-228.302,-13.8,-0.33,81.13209,55.5,0.8,0.98,-228.302,-12.1,-0.55,39.622616,18.7,3.2,0.88,-118.86798,-19.5,-0.6,54.716946,61.0,9.0,0.67,49.056572,-1.6,-0.14,100.0,55.3,9.7,0.68,62.26411,-0.3,-0.27,-254.71709,54.3,7.5,0.69,83.01888,-0.2,-0.18,43.3962,56.2,10.8,0.96,-228.302,-43.8,-0.37,52.830154,58.6,1.0,46.2,46.2,-7.547232,-35.7,-35.7,47.16978,0.17,126.2,42.7,11.320747,3.7,22.0,100.0,0.56,-2.5,-9.5,50.943363,-65.9,-44.9,100.0,0.28,56.3,5.1,98.11321,-38.5,-21.8,50.943363,0.03,130.0,-4.2,100.0,-48.3,-9.4,77.358505,0.23,88.9,-130.4,100.0,-197.2,-197.2,83.01888,0.75,124.8,104.1,75.47172,17.2,23.7,100.0,0.77,0.75,1.16,RHA,0.53070265,1.0128635,6e2d1a54-1c92-493e-957b-5eb66b9a1c95,27859a03-1259-4e3b-b49c-0946ce6f3bf6,v1-0-0,2023-04-17,718539,88,data_delivery/hawkeyehfr/20230417/718539/baseball-pitching/594798/metrics-baseball-pitching-v2-0-0/088_6e2d1a54-1c92-493e-957b-5eb66b9a1c95_metrics.csv
48,0.1867,-0.014,0.991,-0.132,1.726,19.0,53.571423,9.6,15.6,71.428604,10.3,31.1,55.357136,21.7,18.7,35.714302,2.6,26.7,48.214287,10.1,20.5,75.00003,11.0,26.6,100.0,26.6,24.6,100.0,24.6,119.6,87.500015,103.8,2.4,0.3,-212.49992,-10.6,-0.58,87.500015,66.1,9.7,0.54,-14.285696,-5.3,-0.9,-342.85703,-51.3,7.2,0.89,-216.07135,-11.1,-0.32,55.357136,52.0,0.9,0.22,100.0,-12.5,-0.5,41.07144,23.2,2.4,0.78,-117.857056,-18.1,-0.57,57.14285,59.0,8.8,0.53,60.71427,-0.9,-0.08,100.0,53.7,10.1,0.7,64.2857,-0.3,-0.25,-178.57133,52.5,7.1,0.78,82.14288,-0.1,-0.05,48.214287,55.1,9.3,0.44,-132.14275,-40.8,-0.35,55.357136,56.0,0.69,46.7,46.7,-8.92856,-55.8,-24.3,46.428577,0.2,127.4,62.6,80.35717,4.4,37.9,0.0,0.44,-3.6,-11.5,53.571423,-72.9,-41.8,100.0,0.32,57.8,7.0,98.21429,-43.2,-25.5,53.571423,0.25,130.0,-0.2,100.0,-45.0,-44.7,48.214287,0.17,120.6,-144.3,100.0,-198.2,-198.2,85.7143,0.71,124.7,108.8,75.00003,12.6,28.9,100.0,0.89,0.77,1.2,RHA,0.53070265,1.0251461,60fd00ec-2bce-4ab0-9d75-4ef1adbf26e2,161a552d-6f95-4b57-a21c-98e5edaf7459,v1-0-0,2023-04-17,718539,89,data_delivery/hawkeyehfr/20230417/718539/baseball-pitching/594798/metrics-baseball-pitching-v2-0-0/089_60fd00ec-2bce-4ab0-9d75-4ef1adbf26e2_metrics.csv
49,0.1733,0.051,0.99,-0.134,1.6653,18.1,48.07689,11.0,18.5,69.23079,12.9,33.6,51.92304,26.1,17.6,32.692284,2.6,28.4,80.76924,12.2,22.4,80.76924,12.4,27.2,100.0,27.2,24.6,100.0,24.6,131.1,84.615395,112.3,2.5,0.36,-238.46164,-10.9,-0.6,84.615395,62.8,9.1,0.42,-38.46158,-2.4,-0.84,-344.23087,-48.5,7.0,0.84,-236.53857,-11.3,-0.3,84.615395,54.8,0.8,0.19,100.0,-11.1,-0.5,40.384586,22.0,3.2,0.83,-125.000046,-14.8,-0.5,55.76919,57.2,10.1,0.58,57.69227,-1.5,-0.12,100.0,52.3,10.5,0.69,61.538418,-0.3,-0.26,-198.077,51.7,7.4,0.68,84.615395,0.1,0.89,-300.00012,54.5,11.5,0.55,-126.92313,-30.1,-0.26,51.92304,56.3,0.78,46.2,46.2,-7.692371,-33.1,-15.7,44.23074,0.14,126.8,60.7,55.76919,3.9,43.6,0.0,0.57,-4.8,-10.5,48.07689,-61.5,-42.7,100.0,0.39,57.6,10.8,100.0,-41.0,-27.5,48.07689,0.02,130.0,-2.5,80.76924,-44.2,-5.2,94.230774,0.12,113.0,-160.8,100.0,-199.6,-199.6,86.53847,0.64,124.4,100.7,80.76924,12.8,29.3,100.0,0.84,0.79,1.1,RHA,0.53070265,1.0120494,504605f2-c22e-45bb-b8b8-f6b4e1fd9a8b,456889b2-13b3-4906-91cc-1a4e8b833576,v1-0-0,2023-04-17,718539,90,data_delivery/hawkeyehfr/20230417/718539/baseball-pitching/594798/metrics-baseball-pitching-v2-0-0/090_504605f2-c22e-45bb-b8b8-f6b4e1fd9a8b_metrics.csv
50,0.1833,0.067,0.986,-0.155,1.678,18.1,54.545418,12.7,17.8,72.72729,11.2,34.4,80.000015,25.3,16.5,3.6363614,2.3,27.3,80.000015,10.1,21.3,76.363655,10.5,26.3,100.0,26.3,24.7,100.0,24.7,129.1,81.81819,106.9,1.7,0.17,-203.63643,-10.7,-0.52,81.81819,64.6,10.0,0.41,-34.545498,-1.2,-0.8,-301.8183,-48.2,7.6,0.39,-101.818245,-11.2,-0.31,58.18178,57.8,1.1,0.27,100.0,-12.6,-0.56,41.818153,20.3,3.6,0.96,-116.36369,-19.4,-0.62,59.99996,61.2,9.1,0.73,45.454517,-1.4,-0.13,100.0,54.8,9.7,0.68,63.636322,-0.4,-0.28,-181.81825,54.1,7.4,0.68,83.636375,-0.2,-0.16,47.272697,56.1,12.5,0.9,-201.81825,-41.1,-0.36,56.3636,59.1,0.73,48.9,48.9,-3.6364262,-53.9,-26.6,176.36372,0.13,129.4,52.3,59.99996,5.3,36.0,100.0,0.52,-2.4,-10.0,54.545418,-70.4,-45.3,100.0,0.23,50.9,0.1,98.181816,-36.8,-19.9,54.545418,0.03,130.0,0.3,100.0,-48.7,-5.9,80.000015,0.26,43.5,-131.0,100.0,-210.0,-195.7,85.45455,0.74,124.6,105.3,76.363655,17.6,26.3,100.0,0.79,0.8,1.16,RHA,0.53070265,1.0279404,dc75c6b4-e523-46a6-bdbd-c349c6e66108,35354bd1-65f1-490d-bc4b-8ff863a6ac6c,v1-0-0,2023-04-17,718539,91,data_delivery/hawkeyehfr/20230417/718539/baseball-pitching/594798/metrics-baseball-pitching-v2-0-0/091_dc75c6b4-e523-46a6-bdbd-c349c6e66108_metrics.csv
51,0.1867,-0.024,0.987,-0.159,1.7142,17.7,51.785713,10.2,17.3,75.00003,9.8,34.1,23.21432,21.4,17.6,7.142912,2.5,28.0,80.35717,10.6,21.0,76.78574,10.7,26.0,100.0,26.0,24.3,100.0,24.3,129.0,83.92859,104.1,3.0,0.35,-208.9285,-11.1,-0.55,83.92859,66.6,9.0,0.44,-19.642832,-4.9,-0.92,-333.92847,-51.5,7.8,0.86,-208.9285,-10.9,-0.29,83.92859,51.3,1.0,0.25,100.0,-12.7,-0.54,42.85715,20.2,3.4,0.81,-116.07134,-14.6,-0.49,55.357136,62.1,9.3,0.53,62.499985,-0.8,-0.61,-169.64276,53.7,10.3,0.7,66.07141,-0.3,-0.24,-169.64276,52.5,7.3,0.75,83.92859,0.0,0.18,-258.92844,55.4,12.9,0.57,-119.64277,-32.8,-0.31,53.571423,57.6,0.52,46.3,46.3,-3.571424,-90.0,-24.8,46.428577,0.15,127.7,57.9,69.64283,3.9,39.0,0.0,0.44,-2.9,-7.9,51.785713,-80.4,-42.0,100.0,0.31,62.5,4.5,100.0,-42.2,-27.8,51.785713,0.04,130.0,-0.2,100.0,-44.7,-8.1,80.35717,0.13,128.4,-156.5,100.0,-200.1,-200.1,87.500015,0.68,126.0,106.5,76.78574,14.5,31.1,100.0,0.82,0.77,1.16,RHA,0.53070265,1.0156859,99f3b6f8-22ae-4e99-a3e3-025bb6a03a5a,08cbff96-e5bc-4dab-8ce4-5ca91324c5b5,v1-0-0,2023-04-17,718539,92,data_delivery/hawkeyehfr/20230417/718539/baseball-pitching/594798/metrics-baseball-pitching-v2-0-0/092_99f3b6f8-22ae-4e99-a3e3-025bb6a03a5a_metrics.csv
52,0.1833,0.045,0.987,-0.151,1.6789,18.6,52.727238,13.1,19.6,70.90911,15.0,36.2,80.000015,29.9,17.4,3.6363614,2.7,29.1,80.000015,11.9,22.5,80.000015,12.2,27.4,100.0,27.4,25.1,100.0,25.1,135.7,83.636375,116.9,1.6,0.23,-236.36374,-12.3,-0.58,83.636375,63.7,8.7,0.33,-92.72734,-1.4,-0.67,-323.63647,-41.6,7.1,0.89,-240.0001,-13.2,-0.31,83.636375,60.2,0.9,0.5,-185.45462,-11.9,-0.53,41.818153,21.1,2.8,0.9,-127.27277,-15.6,-0.51,54.545418,59.7,9.7,0.56,59.99996,-1.2,-0.1,100.0,52.6,10.1,0.69,63.636322,-0.4,-0.3,-192.72734,51.2,7.8,0.74,83.636375,-0.0,-0.03,-250.9092,53.3,11.3,0.98,-241.81828,-34.7,-0.31,52.727238,58.4,0.73,50.3,50.3,-3.6364262,-46.8,-20.8,49.090878,0.22,128.1,51.8,56.3636,3.9,23.9,100.0,0.57,-3.7,-10.2,52.727238,-63.8,-44.5,100.0,0.37,60.2,7.5,100.0,-38.7,-29.0,52.727238,0.03,86.1,-2.3,100.0,-46.4,-6.1,80.000015,0.15,110.6,-151.6,100.0,-199.1,-199.1,87.272736,0.64,126.3,99.5,80.000015,15.5,28.7,100.0,0.8,0.77,1.11,RHA,0.53070265,1.019464,22883fb2-4588-4834-879c-a75cfd076e78,666b9dc8-9c13-407f-9c54-9c5f9efa605a,v1-0-0,2023-04-17,718539,93,data_delivery/hawkeyehfr/20230417/718539/baseball-pitching/594798/metrics-baseball-pitching-v2-0-0/093_22883fb2-4588-4834-879c-a75cfd076e78_metrics.csv
53,0.1867,0.023,0.989,-0.149,1.6623,21.4,55.357136,12.6,21.3,71.428604,13.0,38.9,62.499985,27.2,17.5,7.142912,2.9,29.0,80.35717,13.0,22.4,80.35717,13.0,27.3,100.0,27.3,24.5,100.0,24.5,134.7,83.92859,117.0,2.5,0.33,-226.78561,-12.6,-0.57,83.92859,60.3,9.1,0.42,-28.571392,-3.6,-0.79,-305.357,-44.0,7.0,0.33,-89.28567,-13.8,-0.33,83.92859,56.8,1.0,0.2,100.0,-11.3,-0.53,46.428577,20.7,3.5,0.87,-116.07134,-15.2,-0.5,57.14285,58.3,9.9,0.58,60.71427,-1.0,-0.07,100.0,52.2,10.0,0.68,66.07141,-0.3,-0.25,-173.21419,51.5,7.4,0.7,85.7143,-0.3,-0.22,51.785713,54.2,11.5,0.61,-119.64277,-33.9,-0.29,53.571423,56.7,0.75,49.5,49.5,-1.785712,-50.6,-25.2,51.785713,0.15,115.4,54.8,60.71427,3.6,38.2,100.0,0.58,-1.9,-10.1,55.357136,-59.3,-43.5,100.0,0.33,62.1,6.7,100.0,-40.2,-26.8,55.357136,0.03,130.0,-4.2,100.0,-41.5,-8.9,80.35717,0.13,95.8,-159.7,100.0,-199.4,-199.4,87.500015,0.64,123.8,102.5,80.35717,16.9,33.8,100.0,0.75,0.77,1.09,RHA,0.53070265,1.0012642,70a07628-544a-42db-90f4-17d409eb949e,39c8d7c3-cec1-4a58-8e7c-34e3d6c7bb50,v1-0-0,2023-04-17,718539,94,data_delivery/hawkeyehfr/20230417/718539/baseball-pitching/594798/metrics-baseball-pitching-v2-0-0/094_70a07628-544a-42db-90f4-17d409eb949e_metrics.csv
54,0.19,0.073,0.981,-0.177,1.6775,18.8,56.140343,14.6,17.1,73.68424,14.3,36.2,82.45616,30.4,17.0,12.280748,2.0,29.1,80.701775,12.0,21.2,78.947395,11.4,26.7,100.0,26.7,24.6,100.0,24.6,133.9,84.21054,115.8,3.9,0.56,-210.52623,-13.1,-0.57,84.21054,62.5,10.7,0.48,-21.052605,-4.8,-0.87,-298.24548,-48.0,7.5,0.36,-19.298222,-14.4,-0.34,84.21054,57.8,0.9,0.91,-292.98233,-11.9,-0.53,42.10527,20.6,3.2,0.8,-103.5087,-17.8,-0.6,57.894726,61.3,8.8,0.53,61.403492,-1.5,-0.13,100.0,54.1,9.7,0.68,64.91226,-0.3,-0.17,-156.14027,53.3,7.7,0.71,84.21054,-0.3,-0.1,42.10527,56.1,11.7,0.93,-210.52623,-40.4,-0.37,56.140343,59.2,1.0,49.4,49.4,1.7543837,-26.9,-26.9,50.87719,0.16,114.5,45.9,66.66664,3.7,28.7,100.0,0.55,-1.2,-9.2,56.140343,-63.6,-43.6,100.0,0.31,54.9,4.3,100.0,-38.0,-24.1,56.140343,0.01,86.5,-3.2,100.0,-45.6,-4.1,80.701775,0.19,111.6,-136.1,100.0,-193.4,-193.4,85.96493,0.72,124.6,103.9,78.947395,17.2,26.6,100.0,0.81,0.73,1.16,RHA,0.53070265,1.0228338,0f6a57b7-4160-46c6-999e-a72f903cdcff,76f99b76-f141-42f1-aa79-9247ce9bcb1c,v1-0-0,2023-04-17,718539,95,data_delivery/hawkeyehfr/20230417/718539/baseball-pitching/594798/metrics-baseball-pitching-v2-0-0/095_0f6a57b7-4160-46c6-999e-a72f903cdcff_metrics.csv
55,0.17,0.026,0.987,-0.157,1.6775,18.3,80.392166,14.2,21.7,70.58825,13.4,39.6,78.43138,29.0,17.2,0.0,2.1,30.8,76.470604,10.4,22.8,80.392166,12.0,27.7,99.99999,27.7,25.4,99.99999,25.4,139.3,80.392166,113.4,2.7,0.48,-262.74518,-12.8,-0.56,80.392166,66.7,9.0,0.39,-43.13729,-3.6,-0.79,-345.09814,-40.4,5.6,0.28,-43.13729,-12.1,-0.26,80.392166,65.5,0.9,0.46,-196.07849,-11.4,-0.53,39.215656,20.3,2.8,0.8,-131.37259,-14.2,-0.47,52.941135,59.0,9.8,0.58,56.8627,-1.0,-0.08,99.99999,53.9,9.8,0.67,62.745052,-0.3,-0.2,-196.07849,52.6,8.1,0.71,84.313736,0.0,0.01,45.098003,54.4,9.1,0.49,-139.21573,-30.6,-0.28,49.01957,59.7,0.9,47.3,47.3,-9.803985,-26.1,-18.7,47.05879,0.34,112.3,46.4,9.803914,3.6,9.1,99.99999,0.14,-2.0,-31.1,84.313736,-64.9,-39.8,99.99999,0.1,58.2,15.4,99.99999,-44.1,5.6,84.313736,0.04,130.0,-3.2,99.99999,-41.1,-10.7,76.470604,0.14,110.8,-156.9,99.99999,-200.4,-200.4,86.27451,0.61,123.3,96.1,80.392166,15.5,30.5,99.99999,0.78,0.74,1.11,RHA,0.53070265,1.0132465,a4a28681-e378-40a8-a209-63e7647e421f,3d5ab57e-1176-4456-9091-260c03ee6849,v1-0-0,2023-04-17,718539,96,data_delivery/hawkeyehfr/20230417/718539/baseball-pitching/594798/metrics-baseball-pitching-v2-0-0/096_a4a28681-e378-40a8-a209-63e7647e421f_metrics.csv
56,0.18,0.029,0.989,-0.146,1.6772,21.8,77.777794,14.1,19.5,72.222244,13.9,42.3,75.92594,29.6,18.9,37.037014,2.3,43.9,75.92594,12.8,23.2,75.92594,12.4,27.1,100.0,27.1,24.6,100.0,24.6,159.1,77.777794,117.8,3.5,0.46,-218.51865,-12.6,-0.48,77.777794,67.7,9.7,0.4,-33.333378,-4.6,-0.89,-320.37048,-46.4,6.5,0.85,-218.51865,-15.2,-0.29,77.777794,59.4,0.9,0.96,-316.66678,-12.2,-0.53,42.592564,19.6,3.0,0.74,-112.96302,-14.0,-0.47,55.55552,60.8,10.4,0.59,59.25922,-2.3,-0.1,79.62965,53.5,9.9,0.7,62.96292,-0.3,-0.21,-166.66676,52.0,8.9,0.85,79.62965,-0.1,-0.05,49.999966,52.4,10.9,0.5,-114.81487,-31.9,-0.19,79.62965,59.5,0.8,47.4,47.4,-1.8519169,-34.1,-18.0,49.999966,0.26,116.2,47.4,14.814805,3.5,18.4,100.0,0.2,-2.1,-29.1,77.777794,-64.4,-41.5,100.0,0.15,60.0,11.6,100.0,-42.6,-3.8,77.777794,0.15,130.0,-3.5,100.0,-41.8,-29.0,81.48149,0.13,135.0,-161.7,100.0,-204.2,-204.2,85.185196,0.57,122.9,92.2,75.92594,15.4,31.3,100.0,1.04,0.53,1.06,RHA,0.53070265,1.0077714,7a65602a-2b1f-48e6-8e56-ee960cfd02c9,07796bb8-a02e-45c7-8d6c-0fa33181bfc6,v1-0-0,2023-04-17,718539,97,data_delivery/hawkeyehfr/20230417/718539/baseball-pitching/594798/metrics-baseball-pitching-v2-0-0/097_7a65602a-2b1f-48e6-8e56-ee960cfd02c9_metrics.csv
57,0.1833,0.026,0.991,-0.128,1.6599,19.4,52.72727,10.9,19.5,70.90913,12.8,34.3,56.36363,25.2,17.2,5.454603,1.8,28.3,80.00002,12.6,21.8,76.36366,12.3,27.5,100.0,27.5,25.1,100.0,25.1,128.3,83.63638,113.6,1.7,0.21,-218.18173,-11.8,-0.61,83.63638,62.2,9.6,0.44,-27.272692,-2.9,-0.8,-312.7271,-46.8,7.2,0.38,-19.999973,-12.9,-0.34,83.63638,55.0,0.8,0.43,-174.54535,-11.9,-0.54,41.81819,20.4,3.2,0.78,-114.54537,-15.7,-0.53,54.54545,58.8,9.8,0.54,61.818165,-1.2,-0.65,-172.72717,52.4,10.2,0.67,65.45452,-0.4,-0.25,-172.72717,51.0,7.6,0.67,85.45456,0.1,0.05,40.00001,53.2,11.8,0.54,-116.36355,-34.6,-0.31,52.72727,57.3,0.92,49.4,49.4,-1.8181794,-28.1,-21.8,49.090908,0.15,115.0,53.4,59.999985,3.6,36.9,100.0,0.55,-1.2,-8.5,52.72727,-61.6,-42.0,100.0,0.36,57.3,7.9,100.0,-40.5,-27.6,52.72727,0.03,130.0,-2.9,100.0,-43.5,-7.3,80.00002,0.14,104.5,-155.5,100.0,-198.1,-198.1,87.27274,0.72,124.6,108.6,76.36366,16.5,30.5,100.0,0.83,0.79,1.15,RHA,0.53070265,1.0111842,fdba3706-1738-403e-a32c-9f1c54cf555a,df23f186-35eb-4887-ba1d-38e25c659880,v1-0-0,2023-04-17,718539,98,data_delivery/hawkeyehfr/20230417/718539/baseball-pitching/594798/metrics-baseball-pitching-v2-0-0/098_fdba3706-1738-403e-a32c-9f1c54cf555a_metrics.csv
